Subject,Control,Complexity,Num_A,Num_sim,Regret_cum
29,none,low,1,1,943.240620762219
29,waypoint,low,1,1,936.641384243286
29,directergodic,low,1,1,899.709555913362
29,sharedergodic,low,1,1,746.200724024973
29,autoergodic,low,1,1,949.373227529828
29,none,high,1,1,996.878307156922
29,waypoint,high,1,1,996.429491244582
29,directergodic,high,1,1,1087.72488576597
29,sharedergodic,high,1,1,1146.81410803251
29,autoergodic,high,1,1,1145.60852275536
29,none,low,1,2,747.004759879048
29,waypoint,low,1,2,897.472496247664
29,directergodic,low,1,2,748.286126833075
29,sharedergodic,low,1,2,800.395522819446
29,autoergodic,low,1,2,500.317739608058
29,none,high,1,2,655.030112410113
29,waypoint,high,1,2,744.544658700663
29,directergodic,high,1,2,841.038617466879
29,sharedergodic,high,1,2,601.009515267078
29,autoergodic,high,1,2,749.827375225222
29,none,low,1,3,651.263425499894
29,waypoint,low,1,3,553.964835942136
29,directergodic,low,1,3,651.231593515819
29,sharedergodic,low,1,3,398.002481979036
29,autoergodic,low,1,3,453.314790796137
29,none,high,1,3,651.680644965268
29,waypoint,high,1,3,454.437102913646
29,directergodic,high,1,3,547.130337829817
29,sharedergodic,high,1,3,551.894106346694
29,autoergodic,high,1,3,798.036670861643
29,none,low,1,4,298.767684556939
29,waypoint,low,1,4,550.978298730855
29,directergodic,low,1,4,601.138625341278
29,sharedergodic,low,1,4,303.060239097356
29,autoergodic,low,1,4,253.965497322549
29,none,high,1,4,504.566527197916
29,waypoint,high,1,4,348.796274755043
29,directergodic,high,1,4,556.727110689772
29,sharedergodic,high,1,4,651.456324950699
29,autoergodic,high,1,4,456.511619810964
29,none,low,1,6,452.181684746408
29,waypoint,low,1,6,154.785702478561
29,directergodic,low,1,6,255.642592323279
29,sharedergodic,low,1,6,153.655871107714
29,autoergodic,low,1,6,254.991112640616
29,none,high,1,6,453.036894433113
29,waypoint,high,1,6,102.042795530276
29,directergodic,high,1,6,257.099067009458
29,sharedergodic,high,1,6,351.97283977295
29,autoergodic,high,1,6,307.300731682219
29,none,low,1,7,301.824316205001
29,waypoint,low,1,7,298.737140999376
29,directergodic,low,1,7,208.158700759604
29,sharedergodic,low,1,7,251.668739006566
29,autoergodic,low,1,7,254.826215360675
29,none,high,1,7,111.09006141101
29,waypoint,high,1,7,252.071692460689
29,directergodic,high,1,7,60.8657226283243
29,sharedergodic,high,1,7,205.305198705018
29,autoergodic,high,1,7,60.1435515966839
29,none,low,1,9,2.1210625259758
29,waypoint,low,1,9,54.7147689247596
29,directergodic,low,1,9,10.5761971567107
29,sharedergodic,low,1,9,202.195299479634
29,autoergodic,low,1,9,102.061824623781
29,none,high,1,9,156.122149529924
29,waypoint,high,1,9,55.2180032747879
29,directergodic,high,1,9,108.938875746914
29,sharedergodic,high,1,9,53.7540908895437
29,autoergodic,high,1,9,8.59539273720644
29,none,low,1,12,52.0227408044363
29,waypoint,low,1,12,4.91485563880147
29,directergodic,low,1,12,58.215687065126
29,sharedergodic,low,1,12,102.746213815678
29,autoergodic,low,1,12,5.59132873388574
29,none,high,1,12,58.8034764310672
29,waypoint,high,1,12,6.11491539430505
29,directergodic,high,1,12,61.1553950890443
29,sharedergodic,high,1,12,5.3692703641717
29,autoergodic,high,1,12,107.329887351058
29,none,low,1,16,2.46381911519101
29,waypoint,low,1,16,4.74675343112216
29,directergodic,low,1,16,6.99502426527495
29,sharedergodic,low,1,16,52.2591032182636
29,autoergodic,low,1,16,5.9762122788501
29,none,high,1,16,8.54089652240959
29,waypoint,high,1,16,5.32410655580438
29,directergodic,high,1,16,8.48134478346801
29,sharedergodic,high,1,16,105.899835121944
29,autoergodic,high,1,16,8.59539273720644
29,none,low,1,20,2.46381911519101
29,waypoint,low,1,20,4.74675343112216
29,directergodic,low,1,20,6.59502426527495
29,sharedergodic,low,1,20,3.20190834139704
29,autoergodic,low,1,20,53.157014142856
29,none,high,1,20,8.54574419246266
29,waypoint,high,1,20,5.61491539430505
29,directergodic,high,1,20,12.8829290298713
29,sharedergodic,high,1,20,3.25409088954367
29,autoergodic,high,1,20,8.59539273720644
29,none,low,1,26,2.46381911519101
29,waypoint,low,1,26,4.74675343112216
29,directergodic,low,1,26,7.3224052176559
29,sharedergodic,low,1,26,5.8590511985399
29,autoergodic,low,1,26,56.6771008194801
29,none,high,1,26,10.0314584781769
29,waypoint,high,1,26,5.32410655580438
29,directergodic,high,1,26,12.8186433155856
29,sharedergodic,high,1,26,6.03980517525795
29,autoergodic,high,1,26,8.59539273720644
29,none,low,1,33,2.46381911519101
29,waypoint,low,1,33,4.74675343112216
29,directergodic,low,1,33,6.96202279176404
29,sharedergodic,low,1,33,3.87690834139704
29,autoergodic,low,1,33,4.9762122788501
29,none,high,1,33,8.72106886778733
29,waypoint,high,1,33,5.41491539430505
29,directergodic,high,1,33,10.4126909346332
29,sharedergodic,high,1,33,4.45106058651336
29,autoergodic,high,1,33,8.59539273720644
29,none,low,1,43,2.46381911519101
29,waypoint,low,1,43,4.82271775747209
29,directergodic,low,1,43,6.23593335618404
29,sharedergodic,low,1,43,3.15342349291219
29,autoergodic,low,1,43,6.38238878136579
29,none,high,1,43,9.35117405671605
29,waypoint,high,1,43,5.54348682287648
29,directergodic,high,1,43,10.2941844411267
29,sharedergodic,high,1,43,4.49954543499821
29,autoergodic,high,1,43,8.59539273720644
29,none,low,1,55,2.46381911519101
29,waypoint,low,1,55,4.74675343112216
29,directergodic,low,1,55,6.97599607338438
29,sharedergodic,low,1,55,2.91057613792433
29,autoergodic,low,1,55,6.16700416598117
29,none,high,1,55,9.27211781883629
29,waypoint,high,1,55,5.86491539430505
29,directergodic,high,1,55,11.1734052203475
29,sharedergodic,high,1,55,3.76108389653667
29,autoergodic,high,1,55,7.89539273720644
29,none,low,1,70,2.46381911519101
29,waypoint,low,1,70,4.74675343112216
29,directergodic,low,1,70,5.4374795082417
29,sharedergodic,low,1,70,5.10190834139704
29,autoergodic,low,1,70,5.72975720241842
29,none,high,1,70,8.95481281991364
29,waypoint,high,1,70,5.38764266703232
29,directergodic,high,1,70,12.3926842363017
29,sharedergodic,high,1,70,5.25409088954367
29,autoergodic,high,1,70,8.22039273720644
29,none,low,1,90,2.46381911519101
29,waypoint,low,1,90,4.74675343112216
29,directergodic,low,1,90,6.75509752534821
29,sharedergodic,low,1,90,4.57333691282561
29,autoergodic,low,1,90,5.53238878136579
29,none,high,1,90,7.88534318995639
29,waypoint,high,1,90,5.41491539430505
29,directergodic,high,1,90,12.3454911416725
29,sharedergodic,high,1,90,4.88003073916773
29,autoergodic,high,1,90,8.17539273720644
29,none,low,1,116,2.46381911519101
29,waypoint,low,1,116,4.74675343112216
29,directergodic,low,1,116,5.59026236051304
29,sharedergodic,low,1,116,4.31156743230613
29,autoergodic,low,1,116,5.63953163850864
29,none,high,1,116,8.65315990048688
29,waypoint,high,1,116,5.48991539430505
29,directergodic,high,1,116,9.9958154124945
29,sharedergodic,high,1,116,4.65286730778616
29,autoergodic,high,1,116,8.00448364629735
29,none,low,1,148,2.46381911519101
29,waypoint,low,1,148,4.74675343112216
29,directergodic,low,1,148,5.51830050594249
29,sharedergodic,low,1,148,4.08827197776068
29,autoergodic,low,1,148,5.78238878136579
29,none,high,1,148,9.30954866774114
29,waypoint,high,1,148,5.54348682287648
29,directergodic,high,1,148,11.5650718870141
29,sharedergodic,high,1,148,5.13520977066255
29,autoergodic,high,1,148,8.22039273720644
29,none,low,1,191,2.46381911519101
29,waypoint,low,1,191,4.74675343112216
29,directergodic,low,1,191,6.16540336144115
29,sharedergodic,low,1,191,3.96190834139704
29,autoergodic,low,1,191,5.53238878136579
29,none,high,1,191,9.60826306218578
29,waypoint,high,1,191,5.32410655580438
29,directergodic,high,1,191,10.1948230182358
29,sharedergodic,high,1,191,4.97763477797681
29,autoergodic,high,1,191,8.03824988006358
29,none,low,1,245,2.46381911519101
29,waypoint,low,1,245,4.74675343112216
29,directergodic,low,1,245,6.25835581066237
29,sharedergodic,low,1,245,3.83772923691942
29,autoergodic,low,1,245,5.44340573051833
29,none,high,1,245,8.81626836433898
29,waypoint,high,1,245,5.32410655580438
29,directergodic,high,1,245,10.4247026143541
29,sharedergodic,high,1,245,5.12696760187243
29,autoergodic,high,1,245,8.14539273720644
29,none,low,1,314,2.46381911519101
29,waypoint,low,1,314,4.74675343112216
29,directergodic,low,1,314,5.85004193747616
29,sharedergodic,low,1,314,4.28747744708809
29,autoergodic,low,1,314,5.77062407548343
29,none,high,1,314,9.25371428773674
29,waypoint,high,1,314,5.38414616353582
29,directergodic,high,1,314,11.2297129024617
29,sharedergodic,high,1,314,4.95562361531003
29,autoergodic,high,1,314,8.00843621546731
29,none,low,1,403,2.46381911519101
29,waypoint,low,1,403,4.74675343112216
29,directergodic,low,1,403,5.93482950694295
29,sharedergodic,low,1,403,3.91898908673864
29,autoergodic,low,1,403,5.81687153998647
29,none,high,1,403,8.48398466167087
29,waypoint,high,1,403,5.39793426222957
29,directergodic,high,1,403,10.6693833158122
29,sharedergodic,high,1,403,4.60161897943131
29,autoergodic,high,1,403,7.9525355943493
29,none,low,1,518,2.46381911519101
29,waypoint,low,1,518,4.74675343112215
29,directergodic,low,1,518,6.3281781638852
29,sharedergodic,low,1,518,3.65575449524319
29,autoergodic,low,1,518,5.69543225962664
29,none,high,1,518,8.4118687927824
29,waypoint,high,1,518,5.49891539430504
29,directergodic,high,1,518,11.005375660834
29,sharedergodic,high,1,518,4.49992033035509
29,autoergodic,high,1,518,7.93260203953202
29,none,low,1,665,2.463819115191
29,waypoint,low,1,665,4.74675343112216
29,directergodic,low,1,665,6.14513850436825
29,sharedergodic,low,1,665,4.22345056905922
29,autoergodic,low,1,665,5.78848634234138
29,none,high,1,665,9.06833506745413
29,waypoint,high,1,665,5.42886888267713
29,directergodic,high,1,665,10.6984756101646
29,sharedergodic,high,1,665,5.05974045996804
29,autoergodic,high,1,665,8.15661722700236
29,none,low,1,854,2.46381911519101
29,waypoint,low,1,854,4.74675343112217
29,directergodic,low,1,854,6.42636854994752
29,sharedergodic,low,1,854,3.95567865283915
29,autoergodic,low,1,854,5.94975279810218
29,none,high,1,854,8.84940232766346
29,waypoint,high,1,854,5.4363439657336
29,directergodic,high,1,854,10.2951666742887
29,sharedergodic,high,1,854,4.76917059656651
29,autoergodic,high,1,854,8.22872607053978
29,none,low,1,1097,2.46381911519102
29,waypoint,low,1,1097,4.74675343112218
29,directergodic,low,1,1097,6.27818707008434
29,sharedergodic,low,1,1097,3.98604203329101
29,autoergodic,low,1,1097,5.80900475094752
29,none,high,1,1097,8.79157302437316
29,waypoint,high,1,1097,5.47581764994413
29,directergodic,high,1,1097,10.5228066986034
29,sharedergodic,high,1,1097,4.84730797358116
29,autoergodic,high,1,1097,8.14858422656815
29,none,low,2,1,985.333913375755
29,waypoint,low,2,1,837.022240424779
29,directergodic,low,2,1,993.540380210485
29,sharedergodic,low,2,1,986.797509243601
29,autoergodic,low,2,1,749.34647410382
29,none,high,2,1,842.026536269568
29,waypoint,high,2,1,938.484974319059
29,directergodic,high,2,1,1086.68058469749
29,sharedergodic,high,2,1,987.902038723331
29,autoergodic,high,2,1,1099.50732254841
29,none,low,2,2,746.456283682745
29,waypoint,low,2,2,647.559376199108
29,directergodic,low,2,2,799.969073975013
29,sharedergodic,low,2,2,798.185097141845
29,autoergodic,low,2,2,651.503046934489
29,none,high,2,2,699.497021538219
29,waypoint,high,2,2,801.309874997304
29,directergodic,high,2,2,941.137680750932
29,sharedergodic,high,2,2,652.078154786062
29,autoergodic,high,2,2,853.872339467886
29,none,low,2,3,649.035944785197
29,waypoint,low,2,3,598.354390207169
29,directergodic,low,2,3,455.676037009268
29,sharedergodic,low,2,3,504.724655731103
29,autoergodic,low,2,3,355.008874890009
29,none,high,2,3,422.330118497704
29,waypoint,high,2,3,655.485681877343
29,directergodic,high,2,3,945.930018651299
29,sharedergodic,high,2,3,607.786926500588
29,autoergodic,high,2,3,603.466838217186
29,none,low,2,4,455.788637321343
29,waypoint,low,2,4,352.132176595178
29,directergodic,low,2,4,608.619852755232
29,sharedergodic,low,2,4,608.137349249476
29,autoergodic,low,2,4,204.714188944383
29,none,high,2,4,364.526672945545
29,waypoint,high,2,4,304.756143698522
29,directergodic,high,2,4,653.135255985286
29,sharedergodic,high,2,4,218.648488648582
29,autoergodic,high,2,4,554.978163814885
29,none,low,2,6,348.808599557143
29,waypoint,low,2,6,307.890321910169
29,directergodic,low,2,6,209.247871538379
29,sharedergodic,low,2,6,53.3628596746889
29,autoergodic,low,2,6,154.341377239513
29,none,high,2,6,29.1621427155274
29,waypoint,high,2,6,152.289109250709
29,directergodic,high,2,6,505.134536633577
29,sharedergodic,high,2,6,203.659721011206
29,autoergodic,high,2,6,411.352884602424
29,none,low,2,7,111.576764378464
29,waypoint,low,2,7,160.899278091334
29,directergodic,low,2,7,160.245891119066
29,sharedergodic,low,2,7,106.649713642743
29,autoergodic,low,2,7,253.761196820917
29,none,high,2,7,219.169190366543
29,waypoint,high,2,7,258.877289507631
29,directergodic,high,2,7,160.729167847265
29,sharedergodic,high,2,7,409.36963396389
29,autoergodic,high,2,7,58.6523582793067
29,none,low,2,9,105.478778667934
29,waypoint,low,2,9,108.322646576673
29,directergodic,low,2,9,104.498571007141
29,sharedergodic,low,2,9,207.534303918933
29,autoergodic,low,2,9,54.1455450611151
29,none,high,2,9,264.438996126782
29,waypoint,high,2,9,7.62678905247449
29,directergodic,high,2,9,58.2577852633493
29,sharedergodic,high,2,9,56.5795663227547
29,autoergodic,high,2,9,257.859847527906
29,none,low,2,12,8.88315005556326
29,waypoint,low,2,12,106.511146251009
29,directergodic,low,2,12,102.51500213427
29,sharedergodic,low,2,12,58.0410508980776
29,autoergodic,low,2,12,55.1569657734337
29,none,high,2,12,16.9352001272201
29,waypoint,high,2,12,61.7175696970652
29,directergodic,high,2,12,10.0848752845562
29,sharedergodic,high,2,12,4.89343528323219
29,autoergodic,high,2,12,58.6303317470779
29,none,low,2,16,9.10715168993668
29,waypoint,low,2,16,58.400847287763
29,directergodic,low,2,16,4.5681409817688
29,sharedergodic,low,2,16,107.507638106304
29,autoergodic,low,2,16,4.42662756407085
29,none,high,2,16,113.885317735543
29,waypoint,high,2,16,14.2560250618609
29,directergodic,high,2,16,10.040715812598
29,sharedergodic,high,2,16,5.68376918126692
29,autoergodic,high,2,16,7.33792498399174
29,none,low,2,20,5.77299153754614
29,waypoint,low,2,20,5.87170300352205
29,directergodic,low,2,20,52.7869374361346
29,sharedergodic,low,2,20,5.53984456325147
29,autoergodic,low,2,20,4.90780605446068
29,none,high,2,20,8.88568895639599
29,waypoint,high,2,20,8.10952532713257
29,directergodic,high,2,20,7.10441109698248
29,sharedergodic,high,2,20,3.27476909046979
29,autoergodic,high,2,20,10.1236004245932
29,none,low,2,26,3.14363850925258
29,waypoint,low,2,26,5.54436018919051
29,directergodic,low,2,26,3.78172563015565
29,sharedergodic,low,2,26,3.62290246789154
29,autoergodic,low,2,26,4.89982632216623
29,none,high,2,26,8.65299872161859
29,waypoint,high,2,26,13.1164435452872
29,directergodic,high,2,26,8.20702871213527
29,sharedergodic,high,2,26,7.95738668057715
29,autoergodic,high,2,26,7.07955550221262
29,none,low,2,33,2.50952584961514
29,waypoint,low,2,33,5.19227604226403
29,directergodic,low,2,33,4.6767190044779
29,sharedergodic,low,2,33,3.16228967818597
29,autoergodic,low,2,33,4.9857522285524
29,none,high,2,33,8.58880854107383
29,waypoint,high,2,33,10.9030845006485
29,directergodic,high,2,33,8.49286709308714
29,sharedergodic,high,2,33,4.61805011966131
29,autoergodic,high,2,33,6.83098634889515
29,none,low,2,43,2.79593171723885
29,waypoint,low,2,43,5.05799946943773
29,directergodic,low,2,43,3.42908918870328
29,sharedergodic,low,2,43,3.5369816626831
29,autoergodic,low,2,43,4.20932041356109
29,none,high,2,43,10.8035336658089
29,waypoint,high,2,43,11.0432478251988
29,directergodic,high,2,43,8.5147816196868
29,sharedergodic,high,2,43,4.66935240113207
29,autoergodic,high,2,43,8.03179541243342
29,none,low,2,55,2.84667289051588
29,waypoint,low,2,55,5.02598294099793
29,directergodic,low,2,55,4.4431391420123
29,sharedergodic,low,2,55,2.76492494664737
29,autoergodic,low,2,55,4.67587021659507
29,none,high,2,55,11.6811620530728
29,waypoint,high,2,55,11.3106359861572
29,directergodic,high,2,55,7.54592046513228
29,sharedergodic,high,2,55,3.85994447629594
29,autoergodic,high,2,55,6.65793301620755
29,none,low,2,70,2.93367409166567
29,waypoint,low,2,70,5.11510738002588
29,directergodic,low,2,70,3.40994379020482
29,sharedergodic,low,2,70,3.6756651454848
29,autoergodic,low,2,70,4.89676088508376
29,none,high,2,70,12.4489009620112
29,waypoint,high,2,70,11.0694287010405
29,directergodic,high,2,70,8.22824328835055
29,sharedergodic,high,2,70,4.76486931263494
29,autoergodic,high,2,70,6.78942584264987
29,none,low,2,90,2.98861705208891
29,waypoint,low,2,90,5.1132106178243
29,directergodic,low,2,90,6.35966610926502
29,sharedergodic,low,2,90,5.05783521744082
29,autoergodic,low,2,90,5.61079169512851
29,none,high,2,90,11.9720068608034
29,waypoint,high,2,90,11.0250816387834
29,directergodic,high,2,90,9.33554804335814
29,sharedergodic,high,2,90,3.81327356377355
29,autoergodic,high,2,90,6.82739196251236
29,none,low,2,116,2.98861705208891
29,waypoint,low,2,116,5.23721484799512
29,directergodic,low,2,116,5.96246981383872
29,sharedergodic,low,2,116,4.17726792762959
29,autoergodic,low,2,116,4.42608672618741
29,none,high,2,116,11.4737454714483
29,waypoint,high,2,116,11.0483253611084
29,directergodic,high,2,116,9.41180958599135
29,sharedergodic,high,2,116,5.28243601643604
29,autoergodic,high,2,116,7.49405862917903
29,none,low,2,148,2.98861705208891
29,waypoint,low,2,148,5.32867848724026
29,directergodic,low,2,148,6.07940903334177
29,sharedergodic,low,2,148,5.34968479185061
29,autoergodic,low,2,148,5.22706070402873
29,none,high,2,148,11.0364360333196
29,waypoint,high,2,148,10.9741401721026
29,directergodic,high,2,148,11.2224035622646
29,sharedergodic,high,2,148,5.70256767027389
29,autoergodic,high,2,148,6.68989056551606
29,none,low,2,191,2.98861705208891
29,waypoint,low,2,191,5.32867848724025
29,directergodic,low,2,191,6.77715421404294
29,sharedergodic,low,2,191,3.77177014114067
29,autoergodic,low,2,191,5.3446371244969
29,none,high,2,191,10.33339769954
29,waypoint,high,2,191,10.5791846553146
29,directergodic,high,2,191,9.69478201318981
29,sharedergodic,high,2,191,5.4912283032604
29,autoergodic,high,2,191,7.73400105769052
29,none,low,2,245,2.98861705208891
29,waypoint,low,2,245,5.32867848724026
29,directergodic,low,2,245,6.44912175987378
29,sharedergodic,low,2,245,5.2736889801844
29,autoergodic,low,2,245,5.64889082026524
29,none,high,2,245,12.4073954157821
29,waypoint,high,2,245,11.0263821167712
29,directergodic,high,2,245,10.7948550041726
29,sharedergodic,high,2,245,6.72545670749896
29,autoergodic,high,2,245,7.44204892555142
29,none,low,2,314,2.98940863078191
29,waypoint,low,2,314,5.23721484799512
29,directergodic,low,2,314,5.60660839666804
29,sharedergodic,low,2,314,4.35541906577196
29,autoergodic,low,2,314,5.13578591346565
29,none,high,2,314,11.999467806398
29,waypoint,high,2,314,10.6125812837166
29,directergodic,high,2,314,9.85815883737282
29,sharedergodic,high,2,314,5.54468764447825
29,autoergodic,high,2,314,7.38028796588911
29,none,low,2,403,3.10737794678823
29,waypoint,low,2,403,5.19255784111379
29,directergodic,low,2,403,5.87050099281828
29,sharedergodic,low,2,403,4.65959572749143
29,autoergodic,low,2,403,5.28899859787294
29,none,high,2,403,12.1728641732987
29,waypoint,high,2,403,10.6080321809822
29,directergodic,high,2,403,11.2322782342812
29,sharedergodic,high,2,403,5.64622436793412
29,autoergodic,high,2,403,7.19570964511318
29,none,low,2,518,2.99251501322857
29,waypoint,low,2,518,5.23721484799512
29,directergodic,low,2,518,7.50731766471929
29,sharedergodic,low,2,518,4.63504508121216
29,autoergodic,low,2,518,5.21303993533168
29,none,high,2,518,12.1062815081532
29,waypoint,high,2,518,10.8108993012202
29,directergodic,high,2,518,11.5119205334073
29,sharedergodic,high,2,518,5.39471020362671
29,autoergodic,high,2,518,7.84406129346483
29,none,low,2,665,3.13495851550355
29,waypoint,low,2,665,5.23721484799512
29,directergodic,low,2,665,6.92803055938308
29,sharedergodic,low,2,665,4.10653832142705
29,autoergodic,low,2,665,5.44034283503113
29,none,high,2,665,13.0470913010647
29,waypoint,high,2,665,10.6338018403699
29,directergodic,high,2,665,11.6567017449397
29,sharedergodic,high,2,665,5.51587986047639
29,autoergodic,high,2,665,7.53856678797032
29,none,low,2,854,3.03946450971603
29,waypoint,low,2,854,5.17827212682808
29,directergodic,low,2,854,6.9207541005432
29,sharedergodic,low,2,854,4.78081231241693
29,autoergodic,low,2,854,5.48442342774424
29,none,high,2,854,12.3477903827835
29,waypoint,high,2,854,10.5791846553146
29,directergodic,high,2,854,11.9587278032963
29,sharedergodic,high,2,854,5.78981286475559
29,autoergodic,high,2,854,7.44922200695402
29,none,low,2,1097,2.9912072538563
29,waypoint,low,2,1097,5.23721484799512
29,directergodic,low,2,1097,7.27055076849136
29,sharedergodic,low,2,1097,5.21420238938288
29,autoergodic,low,2,1097,5.45662882016097
29,none,high,2,1097,12.698011713203
29,waypoint,high,2,1097,10.7419182137893
29,directergodic,high,2,1097,11.5249015033897
29,sharedergodic,high,2,1097,5.64610691905606
29,autoergodic,high,2,1097,7.60713821654175
29,none,low,2,1408,2.98861705208891
29,waypoint,low,2,1408,5.22827212682807
29,directergodic,low,2,1408,7.45014743165781
29,sharedergodic,low,2,1408,4.97406949302259
29,autoergodic,low,2,1408,5.43449345850175
29,none,high,2,1408,12.8849059951074
29,waypoint,high,2,1408,10.7145129452594
29,directergodic,high,2,1408,11.7590534349362
29,sharedergodic,high,2,1408,5.55682160765113
29,autoergodic,high,2,1408,7.70262208750949
29,none,low,2,1808,2.98861705208891
29,waypoint,low,2,1808,5.22620601112559
29,directergodic,low,2,1808,7.27286893200038
29,sharedergodic,low,2,1808,4.71695643476894
29,autoergodic,low,2,1808,5.50423923862134
29,none,high,2,1808,12.802804841449
29,waypoint,high,2,1808,10.5791846553146
29,directergodic,high,2,1808,11.7919532504424
29,sharedergodic,high,2,1808,5.63430883609771
29,autoergodic,high,2,1808,7.65409473828089
29,none,low,2,2322,3.04927176998534
29,waypoint,low,2,2322,5.23721484799511
29,directergodic,low,2,2322,7.0974932701373
29,sharedergodic,low,2,2322,4.7695721969708
29,autoergodic,low,2,2322,5.66135264167889
29,none,high,2,2322,13.0491841386167
29,waypoint,high,2,2322,10.6535386824751
29,directergodic,high,2,2322,11.7908670683494
29,sharedergodic,high,2,2322,5.75113141825907
29,autoergodic,high,2,2322,7.66253703783942
29,none,low,2,2981,3.09124068190244
29,waypoint,low,2,2981,5.23721484799511
29,directergodic,low,2,2981,7.44920167320785
29,sharedergodic,low,2,2981,5.11849688173054
29,autoergodic,low,2,2981,5.54564808131099
29,none,high,2,2981,12.9113140883555
29,waypoint,high,2,2981,10.5791846553146
29,directergodic,high,2,2981,11.7123850264002
29,sharedergodic,high,2,2981,5.45688713235673
29,autoergodic,high,2,2981,7.69417286557809
29,none,low,4,1,787.754773448879
29,waypoint,low,4,1,775.364567834135
29,directergodic,low,4,1,890.07002302996
29,sharedergodic,low,4,1,930.286384251212
29,autoergodic,low,4,1,877.060375855127
29,none,high,4,1,1131.95044273561
29,waypoint,high,4,1,924.617471651782
29,directergodic,high,4,1,1009.09521551972
29,sharedergodic,high,4,1,1081.43934268788
29,autoergodic,high,4,1,1047.92750958969
29,none,low,4,2,650.227337060284
29,waypoint,low,4,2,545.322689501656
29,directergodic,low,4,2,988.283852362946
29,sharedergodic,low,4,2,755.522502146974
29,autoergodic,low,4,2,898.249063294907
29,none,high,4,2,851.396099916979
29,waypoint,high,4,2,948.825982841829
29,directergodic,high,4,2,1045.56130784639
29,sharedergodic,high,4,2,1053.13911547953
29,autoergodic,high,4,2,806.372275530199
29,none,low,4,3,460.548308697255
29,waypoint,low,4,3,661.295625746265
29,directergodic,low,4,3,555.265535456682
29,sharedergodic,low,4,3,652.560539415414
29,autoergodic,low,4,3,503.712619029762
29,none,high,4,3,719.387056819654
29,waypoint,high,4,3,604.746240288297
29,directergodic,high,4,3,805.07793355261
29,sharedergodic,high,4,3,368.708489254966
29,autoergodic,high,4,3,804.759386400289
29,none,low,4,4,564.952544074159
29,waypoint,low,4,4,506.963435352782
29,directergodic,low,4,4,315.388336516016
29,sharedergodic,low,4,4,364.847031687238
29,autoergodic,low,4,4,313.810936283934
29,none,high,4,4,616.685900973665
29,waypoint,high,4,4,506.510332532294
29,directergodic,high,4,4,511.837846405479
29,sharedergodic,high,4,4,402.834308836201
29,autoergodic,high,4,4,651.573141577654
29,none,low,4,6,112.557813171263
29,waypoint,low,4,6,156.408883900188
29,directergodic,low,4,6,171.702505541959
29,sharedergodic,low,4,6,166.912742363644
29,autoergodic,low,4,6,161.678013514604
29,none,high,4,6,175.467081097768
29,waypoint,high,4,6,256.275717796447
29,directergodic,high,4,6,133.141654848652
29,sharedergodic,high,4,6,169.77962680658
29,autoergodic,high,4,6,309.016875606476
29,none,low,4,7,256.556868139748
29,waypoint,low,4,7,212.083493002655
29,directergodic,low,4,7,161.880054452639
29,sharedergodic,low,4,7,162.432198615915
29,autoergodic,low,4,7,163.112995914266
29,none,high,4,7,313.489436130536
29,waypoint,high,4,7,158.270370629083
29,directergodic,high,4,7,107.430977492386
29,sharedergodic,high,4,7,121.735905466322
29,autoergodic,high,4,7,160.749894327764
29,none,low,4,9,67.6984021795662
29,waypoint,low,4,9,160.336867511852
29,directergodic,low,4,9,13.7574229848376
29,sharedergodic,low,4,9,113.131068331626
29,autoergodic,low,4,9,162.209185036381
29,none,high,4,9,21.6161838129726
29,waypoint,high,4,9,111.388993759223
29,directergodic,high,4,9,124.083116071957
29,sharedergodic,high,4,9,170.066392509133
29,autoergodic,high,4,9,160.149241439545
29,none,low,4,12,18.05431064484
29,waypoint,low,4,12,108.304242191309
29,directergodic,low,4,12,7.64516916557905
29,sharedergodic,low,4,12,59.1639598251644
29,autoergodic,low,4,12,18.3131295878129
29,none,high,4,12,16.3072352669871
29,waypoint,high,4,12,118.427220587133
29,directergodic,high,4,12,64.4802335063747
29,sharedergodic,high,4,12,73.220923396646
29,autoergodic,high,4,12,11.6610144429099
29,none,low,4,16,66.445812145019
29,waypoint,low,4,16,11.1065156597364
29,directergodic,low,4,16,4.72675212119199
29,sharedergodic,low,4,16,7.20978490182839
29,autoergodic,low,4,16,107.902301857962
29,none,high,4,16,68.7073329598897
29,waypoint,high,4,16,10.4127686122444
29,directergodic,high,4,16,14.7260203236988
29,sharedergodic,high,4,16,59.9924030037083
29,autoergodic,high,4,16,8.21454632169958
29,none,low,4,20,9.05968521316324
29,waypoint,low,4,20,8.25257685487374
29,directergodic,low,4,20,6.69132208168352
29,sharedergodic,low,4,20,6.93359725558356
29,autoergodic,low,4,20,6.20919460733137
29,none,high,4,20,14.3567973094325
29,waypoint,high,4,20,12.2262368452227
29,directergodic,high,4,20,17.0584675779922
29,sharedergodic,high,4,20,16.1326495064614
29,autoergodic,high,4,20,9.30144550152453
29,none,low,4,26,12.3278685250084
29,waypoint,low,4,26,14.486667494906
29,directergodic,low,4,26,3.26101969708352
29,sharedergodic,low,4,26,4.64592384605851
29,autoergodic,low,4,26,7.68637067696415
29,none,high,4,26,11.3723584292454
29,waypoint,high,4,26,10.9560295529123
29,directergodic,high,4,26,13.3046165928818
29,sharedergodic,high,4,26,10.3674075972513
29,autoergodic,high,4,26,7.04745496030079
29,none,low,4,33,9.71190211408541
29,waypoint,low,4,33,6.31078712386769
29,directergodic,low,4,33,3.4629841240325
29,sharedergodic,low,4,33,6.41218299022324
29,autoergodic,low,4,33,3.92783112540973
29,none,high,4,33,12.3633964534551
29,waypoint,high,4,33,14.5650479862432
29,directergodic,high,4,33,11.0202220754265
29,sharedergodic,high,4,33,9.55266177570864
29,autoergodic,high,4,33,8.4857907541981
29,none,low,4,43,9.52701786474645
29,waypoint,low,4,43,6.68260369994472
29,directergodic,low,4,43,5.17273716075798
29,sharedergodic,low,4,43,5.09830705430406
29,autoergodic,low,4,43,5.7366548971125
29,none,high,4,43,12.1419357680185
29,waypoint,high,4,43,15.9138706039542
29,directergodic,high,4,43,11.1889938226037
29,sharedergodic,high,4,43,10.7613478111742
29,autoergodic,high,4,43,6.72734061572737
29,none,low,4,55,9.73651494180312
29,waypoint,low,4,55,5.88162803314613
29,directergodic,low,4,55,2.68229322356866
29,sharedergodic,low,4,55,4.57770433014638
29,autoergodic,low,4,55,5.21222316205111
29,none,high,4,55,9.66145356549676
29,waypoint,high,4,55,7.98534166136306
29,directergodic,high,4,55,10.9971399318681
29,sharedergodic,high,4,55,6.5729089229591
29,autoergodic,high,4,55,6.84958788110084
29,none,low,4,70,5.25620191914057
29,waypoint,low,4,70,5.98791730012865
29,directergodic,low,4,70,2.99337501162113
29,sharedergodic,low,4,70,2.28412510414486
29,autoergodic,low,4,70,4.89224401798986
29,none,high,4,70,10.0101489468122
29,waypoint,high,4,70,14.3649329367866
29,directergodic,high,4,70,8.48035681322072
29,sharedergodic,high,4,70,3.4449014390108
29,autoergodic,high,4,70,7.22242438481666
29,none,low,4,90,5.53209639744834
29,waypoint,low,4,90,5.16609773759043
29,directergodic,low,4,90,2.35017328161607
29,sharedergodic,low,4,90,2.40094845057711
29,autoergodic,low,4,90,5.089488562696
29,none,high,4,90,9.90147307977249
29,waypoint,high,4,90,10.824196346244
29,directergodic,high,4,90,8.06729132783305
29,sharedergodic,high,4,90,3.61893240058943
29,autoergodic,high,4,90,6.28135001986573
29,none,low,4,116,2.67419011115343
29,waypoint,low,4,116,5.22804071347284
29,directergodic,low,4,116,3.7626929918256
29,sharedergodic,low,4,116,2.77796707857407
29,autoergodic,low,4,116,4.72205054842229
29,none,high,4,116,9.42441307473845
29,waypoint,high,4,116,10.5898511533816
29,directergodic,high,4,116,7.49218723950335
29,sharedergodic,high,4,116,6.17598969550882
29,autoergodic,high,4,116,6.33927333460537
29,none,low,4,148,5.78417093158056
29,waypoint,low,4,148,5.346617121182
29,directergodic,low,4,148,2.14777751558035
29,sharedergodic,low,4,148,3.11826632049822
29,autoergodic,low,4,148,4.64475108133095
29,none,high,4,148,8.9334576907596
29,waypoint,high,4,148,10.6554075812171
29,directergodic,high,4,148,8.0155824479411
29,sharedergodic,high,4,148,5.61281877106921
29,autoergodic,high,4,148,6.37545782522467
29,none,low,4,191,1.88261636166135
29,waypoint,low,4,191,5.17707829031364
29,directergodic,low,4,191,2.3263482572459
29,sharedergodic,low,4,191,2.82601194408771
29,autoergodic,low,4,191,3.8757735149451
29,none,high,4,191,9.20556282548976
29,waypoint,high,4,191,10.9886385330392
29,directergodic,high,4,191,7.88026633289573
29,sharedergodic,high,4,191,3.12637238249851
29,autoergodic,high,4,191,6.55453173252623
29,none,low,4,245,1.86882751073852
29,waypoint,low,4,245,4.70254175802416
29,directergodic,low,4,245,1.88083255033676
29,sharedergodic,low,4,245,2.23692116268127
29,autoergodic,low,4,245,4.44409040118579
29,none,high,4,245,8.71071196739209
29,waypoint,high,4,245,11.1348225542911
29,directergodic,high,4,245,6.91253546313492
29,sharedergodic,high,4,245,4.59665536067814
29,autoergodic,high,4,245,6.7280375699888
29,none,low,4,314,1.86274796651336
29,waypoint,low,4,314,5.4536585458242
29,directergodic,low,4,314,1.87764978624426
29,sharedergodic,low,4,314,2.40920233262961
29,autoergodic,low,4,314,3.63659515541604
29,none,high,4,314,8.76364449994505
29,waypoint,high,4,314,11.500305492234
29,directergodic,high,4,314,7.67706410361232
29,sharedergodic,high,4,314,3.46376218024241
29,autoergodic,high,4,314,6.3974564068337
29,none,low,4,403,1.86788102007522
29,waypoint,low,4,403,4.5150162568623
29,directergodic,low,4,403,2.65031412901022
29,sharedergodic,low,4,403,1.86759607971233
29,autoergodic,low,4,403,3.61630488728898
29,none,high,4,403,8.74877949828878
29,waypoint,high,4,403,10.6124183042443
29,directergodic,high,4,403,7.08414461327783
29,sharedergodic,high,4,403,2.78569885226052
29,autoergodic,high,4,403,6.30969782716261
29,none,low,4,518,1.61359884747952
29,waypoint,low,4,518,4.59507469700117
29,directergodic,low,4,518,2.46797776379841
29,sharedergodic,low,4,518,2.20810417369735
29,autoergodic,low,4,518,3.89098751885583
29,none,high,4,518,9.00102946135707
29,waypoint,high,4,518,10.9535073430473
29,directergodic,high,4,518,7.72983801961033
29,sharedergodic,high,4,518,2.76144619644108
29,autoergodic,high,4,518,6.2647440875852
29,none,low,4,665,1.99221588639838
29,waypoint,low,4,665,4.85287427875857
29,directergodic,low,4,665,2.24691278383676
29,sharedergodic,low,4,665,2.68448105236477
29,autoergodic,low,4,665,4.08247144886135
29,none,high,4,665,8.78787961482126
29,waypoint,high,4,665,11.2392843814628
29,directergodic,high,4,665,7.56349885145642
29,sharedergodic,high,4,665,3.08717728291907
29,autoergodic,high,4,665,6.2339886448198
29,none,low,4,854,2.24863982015924
29,waypoint,low,4,854,4.96747759906557
29,directergodic,low,4,854,2.88578978372558
29,sharedergodic,low,4,854,2.55446786792029
29,autoergodic,low,4,854,3.78310382690008
29,none,high,4,854,9.31405724320397
29,waypoint,high,4,854,11.5773167409406
29,directergodic,high,4,854,7.98267497895341
29,sharedergodic,high,4,854,4.005216410114
29,autoergodic,high,4,854,6.53606358235573
29,none,low,4,1097,2.46525542814093
29,waypoint,low,4,1097,4.4739316424678
29,directergodic,low,4,1097,2.65002610578738
29,sharedergodic,low,4,1097,2.22718535766324
29,autoergodic,low,4,1097,4.15634257352847
29,none,high,4,1097,8.95144109171037
29,waypoint,high,4,1097,11.6135934767694
29,directergodic,high,4,1097,7.70065274298139
29,sharedergodic,high,4,1097,3.72601682869041
29,autoergodic,high,4,1097,6.1863574136837
29,none,low,4,1408,1.9731491768742
29,waypoint,low,4,1408,4.93831301477267
29,directergodic,low,4,1408,3.20906359582891
29,sharedergodic,low,4,1408,2.56955448092714
29,autoergodic,low,4,1408,3.8760988731476
29,none,high,4,1408,8.93271697275822
29,waypoint,high,4,1408,11.7274123280723
29,directergodic,high,4,1408,7.26454279096314
29,sharedergodic,high,4,1408,3.0888642486559
29,autoergodic,high,4,1408,6.65624522065118
29,none,low,4,1808,2.09983070188776
29,waypoint,low,4,1808,5.30529357426434
29,directergodic,low,4,1808,3.8869931459386
29,sharedergodic,low,4,1808,3.14443231166713
29,autoergodic,low,4,1808,4.64510734628943
29,none,high,4,1808,9.61913292779443
29,waypoint,high,4,1808,11.2306231658972
29,directergodic,high,4,1808,7.77691768128484
29,sharedergodic,high,4,1808,4.95859489470004
29,autoergodic,high,4,1808,6.1893956502204
29,none,low,4,2322,1.86127130852839
29,waypoint,low,4,2322,5.87259169817363
29,directergodic,low,4,2322,4.06946901881842
29,sharedergodic,low,4,2322,3.78033602755725
29,autoergodic,low,4,2322,5.04016081773983
29,none,high,4,2322,10.8696576329715
29,waypoint,high,4,2322,12.4125731599718
29,directergodic,high,4,2322,8.44917604366895
29,sharedergodic,high,4,2322,4.96254810459221
29,autoergodic,high,4,2322,6.33067879201548
29,none,low,6,1,726.834927619303
29,waypoint,low,6,1,906.864300258205
29,directergodic,low,6,1,1215.00962016808
29,sharedergodic,low,6,1,875.846991312945
29,autoergodic,low,6,1,930.031586187485
29,none,high,6,1,712.307297875279
29,waypoint,high,6,1,972.65405778773
29,directergodic,high,6,1,1190.4502206195
29,sharedergodic,high,6,1,1165.39175527244
29,autoergodic,high,6,1,886.145061395102
29,none,low,6,2,552.757852258723
29,waypoint,low,6,2,737.857599889519
29,directergodic,low,6,2,802.469639603995
29,sharedergodic,low,6,2,838.626673823357
29,autoergodic,low,6,2,603.630115243361
29,none,high,6,2,560.085141854434
29,waypoint,high,6,2,694.479473023663
29,directergodic,high,6,2,849.433240690687
29,sharedergodic,high,6,2,986.693964282621
29,autoergodic,high,6,2,857.134545791375
29,none,low,6,3,554.526812879542
29,waypoint,low,6,3,446.7183664678
29,directergodic,low,6,3,510.356445187778
29,sharedergodic,low,6,3,459.29270580541
29,autoergodic,low,6,3,554.703258734507
29,none,high,6,3,823.261459333368
29,waypoint,high,6,3,571.878888459527
29,directergodic,high,6,3,497.54218674399
29,sharedergodic,high,6,3,665.46740394427
29,autoergodic,high,6,3,565.009878062293
29,none,low,6,4,413.740756814532
29,waypoint,low,6,4,407.013361444761
29,directergodic,low,6,4,371.132671152572
29,sharedergodic,low,6,4,410.335903368849
29,autoergodic,low,6,4,458.042741975929
29,none,high,6,4,470.333509005225
29,waypoint,high,6,4,522.925028901201
29,directergodic,high,6,4,216.555335732541
29,sharedergodic,high,6,4,523.7910679666
29,autoergodic,high,6,4,468.858957554053
29,none,low,6,6,286.681313349046
29,waypoint,low,6,6,173.37778579064
29,directergodic,low,6,6,178.127586971822
29,sharedergodic,low,6,6,326.174651852312
29,autoergodic,low,6,6,270.032432725517
29,none,high,6,6,269.628249494249
29,waypoint,high,6,6,213.02459297007
29,directergodic,high,6,6,332.198701146343
29,sharedergodic,high,6,6,563.151178850069
29,autoergodic,high,6,6,172.290918914573
29,none,low,6,7,83.4800350788616
29,waypoint,low,6,7,159.265084356173
29,directergodic,low,6,7,221.792771405963
29,sharedergodic,low,6,7,173.433244271934
29,autoergodic,low,6,7,315.524070653113
29,none,high,6,7,174.899135483476
29,waypoint,high,6,7,167.83971903673
29,directergodic,high,6,7,123.522663873136
29,sharedergodic,high,6,7,276.679784673518
29,autoergodic,high,6,7,229.407058047745
29,none,low,6,9,70.1616484309498
29,waypoint,low,6,9,208.353409734544
29,directergodic,low,6,9,222.390717743897
29,sharedergodic,low,6,9,167.444641467898
29,autoergodic,low,6,9,16.6632336646898
29,none,high,6,9,127.79383778714
29,waypoint,high,6,9,182.589087528982
29,directergodic,high,6,9,216.546985270177
29,sharedergodic,high,6,9,170.0295070036
29,autoergodic,high,6,9,66.6308301661188
29,none,low,6,12,71.3603908439978
29,waypoint,low,6,12,167.21559034026
29,directergodic,low,6,12,12.8617569787051
29,sharedergodic,low,6,12,17.5858204859666
29,autoergodic,low,6,12,9.60992725373428
29,none,high,6,12,18.8820865654728
29,waypoint,high,6,12,79.1600668485045
29,directergodic,high,6,12,80.1560681476578
29,sharedergodic,high,6,12,79.5189541575136
29,autoergodic,high,6,12,160.522867628114
29,none,low,6,16,17.6630529048375
29,waypoint,low,6,16,61.7756917829761
29,directergodic,low,6,16,17.4953361389851
29,sharedergodic,low,6,16,10.6561686914178
29,autoergodic,low,6,16,8.34718982936172
29,none,high,6,16,16.7835041100996
29,waypoint,high,6,16,19.0966507978344
29,directergodic,high,6,16,19.628479688984
29,sharedergodic,high,6,16,18.6746997962446
29,autoergodic,high,6,16,12.3632652149046
29,none,low,6,20,18.0208721781896
29,waypoint,low,6,20,14.7910324803064
29,directergodic,low,6,20,5.75522770913164
29,sharedergodic,low,6,20,7.14959964169254
29,autoergodic,low,6,20,7.46030538287679
29,none,high,6,20,20.9300243038488
29,waypoint,high,6,20,11.7436595558472
29,directergodic,high,6,20,13.9309150903772
29,sharedergodic,high,6,20,17.8397286964247
29,autoergodic,high,6,20,14.3182902026111
29,none,low,6,26,15.8853073383523
29,waypoint,low,6,26,9.2818507943832
29,directergodic,low,6,26,3.80460240443981
29,sharedergodic,low,6,26,6.8319426294917
29,autoergodic,low,6,26,5.92903494229929
29,none,high,6,26,18.802203671784
29,waypoint,high,6,26,13.4224595203754
29,directergodic,high,6,26,18.2207749581898
29,sharedergodic,high,6,26,11.2901169046072
29,autoergodic,high,6,26,11.8695744239876
29,none,low,6,33,11.5564004338971
29,waypoint,low,6,33,6.27500617257286
29,directergodic,low,6,33,7.5185149972035
29,sharedergodic,low,6,33,4.03717353682175
29,autoergodic,low,6,33,5.29388704231525
29,none,high,6,33,10.2237980068563
29,waypoint,high,6,33,12.6614031957481
29,directergodic,high,6,33,9.35807922696498
29,sharedergodic,high,6,33,11.1625306386851
29,autoergodic,high,6,33,7.59423423907661
29,none,low,6,43,12.3685302692101
29,waypoint,low,6,43,5.64164963567211
29,directergodic,low,6,43,4.26052677416318
29,sharedergodic,low,6,43,2.70727179204833
29,autoergodic,low,6,43,6.55198596118379
29,none,high,6,43,13.5979264221891
29,waypoint,high,6,43,8.83352187956604
29,directergodic,high,6,43,13.5507679598443
29,sharedergodic,high,6,43,13.6005101787835
29,autoergodic,high,6,43,8.24742571502028
29,none,low,6,55,4.14182795347654
29,waypoint,low,6,55,9.05771398545355
29,directergodic,low,6,55,3.17796452079121
29,sharedergodic,low,6,55,2.93052788528598
29,autoergodic,low,6,55,4.99266685267623
29,none,high,6,55,12.550422163187
29,waypoint,high,6,55,10.6852777859497
29,directergodic,high,6,55,11.7921197871158
29,sharedergodic,high,6,55,6.44975177904369
29,autoergodic,high,6,55,7.61664725870764
29,none,low,6,70,9.79692062966192
29,waypoint,low,6,70,8.0368729697744
29,directergodic,low,6,70,2.84533870671194
29,sharedergodic,low,6,70,6.21722634126384
29,autoergodic,low,6,70,4.43079347336594
29,none,high,6,70,12.9140911309736
29,waypoint,high,6,70,10.2900743379966
29,directergodic,high,6,70,11.7174980620675
29,sharedergodic,high,6,70,7.14492434810308
29,autoergodic,high,6,70,7.21374257183913
29,none,low,6,90,8.86207432757728
29,waypoint,low,6,90,5.93409398116993
29,directergodic,low,6,90,2.77654026932141
29,sharedergodic,low,6,90,2.82522071664799
29,autoergodic,low,6,90,4.42351102507122
29,none,high,6,90,10.0797810580921
29,waypoint,high,6,90,13.9894032524393
29,directergodic,high,6,90,10.3545974643488
29,sharedergodic,high,6,90,7.15848971972851
29,autoergodic,high,6,90,7.19507356498658
29,none,low,6,116,9.49968327428088
29,waypoint,low,6,116,5.16650358177601
29,directergodic,low,6,116,3.20404057312589
29,sharedergodic,low,6,116,2.01888693522755
29,autoergodic,low,6,116,5.45575548551302
29,none,high,6,116,10.2676762451237
29,waypoint,high,6,116,11.8662977443331
29,directergodic,high,6,116,11.4820918638965
29,sharedergodic,high,6,116,3.62999227586299
29,autoergodic,high,6,116,6.85543535050388
29,none,low,6,148,7.01179486053176
29,waypoint,low,6,148,9.2150931672022
29,directergodic,low,6,148,3.36169923415913
29,sharedergodic,low,6,148,2.55423291550588
29,autoergodic,low,6,148,4.22922280304323
29,none,high,6,148,9.7803361017075
29,waypoint,high,6,148,12.3076395888775
29,directergodic,high,6,148,10.9126114508925
29,sharedergodic,high,6,148,3.1941922780624
29,autoergodic,high,6,148,6.70347036350914
29,none,low,6,191,3.2233152409373
29,waypoint,low,6,191,4.90971431674919
29,directergodic,low,6,191,1.94445160834633
29,sharedergodic,low,6,191,3.02970981798025
29,autoergodic,low,6,191,4.43602394872315
29,none,high,6,191,8.61709141934335
29,waypoint,high,6,191,13.8604606744396
29,directergodic,high,6,191,7.42604104970322
29,sharedergodic,high,6,191,7.03987736449803
29,autoergodic,high,6,191,6.35234290387511
29,none,low,6,245,3.19195503039622
29,waypoint,low,6,245,5.57074452517407
29,directergodic,low,6,245,1.74362420615314
29,sharedergodic,low,6,245,1.60383618128473
29,autoergodic,low,6,245,4.08931720845923
29,none,high,6,245,8.76977604520148
29,waypoint,high,6,245,11.6698750029656
29,directergodic,high,6,245,7.06902647714522
29,sharedergodic,high,6,245,3.16325568367371
29,autoergodic,high,6,245,6.58006534143818
29,none,low,6,314,2.22255845476785
29,waypoint,low,6,314,5.57660703337553
29,directergodic,low,6,314,2.35237429423953
29,sharedergodic,low,6,314,2.71637371943791
29,autoergodic,low,6,314,4.09218049720111
29,none,high,6,314,9.59533426691725
29,waypoint,high,6,314,11.0080003641084
29,directergodic,high,6,314,7.03129153327775
29,sharedergodic,high,6,314,6.71187872861755
29,autoergodic,high,6,314,6.84413157636455
29,none,low,6,403,1.44890638669266
29,waypoint,low,6,403,4.97649857577061
29,directergodic,low,6,403,1.87582225278598
29,sharedergodic,low,6,403,2.01493958382326
29,autoergodic,low,6,403,3.85561380740203
29,none,high,6,403,8.08806850181666
29,waypoint,high,6,403,10.8660370427444
29,directergodic,high,6,403,7.17128519142068
29,sharedergodic,high,6,403,3.39368001007499
29,autoergodic,high,6,403,6.17553947576885
29,none,low,6,518,2.02439180376627
29,waypoint,low,6,518,5.56285705330459
29,directergodic,low,6,518,1.71051561805057
29,sharedergodic,low,6,518,1.58511435887707
29,autoergodic,low,6,518,3.47180887479337
29,none,high,6,518,8.30127458745525
29,waypoint,high,6,518,11.0572063721944
29,directergodic,high,6,518,7.1234152584138
29,sharedergodic,high,6,518,3.14896533293062
29,autoergodic,high,6,518,6.29485381354067
29,none,low,6,665,2.01186629332144
29,waypoint,low,6,665,4.03316361015993
29,directergodic,low,6,665,1.45963557047632
29,sharedergodic,low,6,665,1.47722342425326
29,autoergodic,low,6,665,3.63429555928461
29,none,high,6,665,8.2241470082648
29,waypoint,high,6,665,11.2699010358338
29,directergodic,high,6,665,6.52835697431
29,sharedergodic,high,6,665,4.2728956314175
29,autoergodic,high,6,665,6.36373596370578
29,none,low,6,854,1.78281865880233
29,waypoint,low,6,854,4.34712426560064
29,directergodic,low,6,854,1.63278368421014
29,sharedergodic,low,6,854,1.4545256896787
29,autoergodic,low,6,854,3.77644855541889
29,none,high,6,854,7.80350982598408
29,waypoint,high,6,854,11.397184879081
29,directergodic,high,6,854,6.47351203844657
29,sharedergodic,high,6,854,2.77392638111122
29,autoergodic,high,6,854,6.04970719699385
29,none,low,6,1097,1.17910029714954
29,waypoint,low,6,1097,4.7110036686294
29,directergodic,low,6,1097,1.60562268919536
29,sharedergodic,low,6,1097,1.88597162368749
29,autoergodic,low,6,1097,3.35344268835555
29,none,high,6,1097,8.19635736868131
29,waypoint,high,6,1097,10.7473818733573
29,directergodic,high,6,1097,6.85160007353602
29,sharedergodic,high,6,1097,3.27905736214626
29,autoergodic,high,6,1097,6.12859863415814
29,none,low,6,1408,1.40264374122611
29,waypoint,low,6,1408,3.85147549564852
29,directergodic,low,6,1408,1.30561024246132
29,sharedergodic,low,6,1408,1.51404686353013
29,autoergodic,low,6,1408,3.32189225767982
29,none,high,6,1408,8.1548831808559
29,waypoint,high,6,1408,10.9220529945533
29,directergodic,high,6,1408,6.64110266667297
29,sharedergodic,high,6,1408,2.88987665696045
29,autoergodic,high,6,1408,6.19867436817873
29,none,low,6,1808,1.18088845387132
29,waypoint,low,6,1808,4.14990714267501
29,directergodic,low,6,1808,1.52420801509279
29,sharedergodic,low,6,1808,1.22915560604174
29,autoergodic,low,6,1808,3.41536429392311
29,none,high,6,1808,8.02323640464459
29,waypoint,high,6,1808,10.7191282347454
29,directergodic,high,6,1808,6.69268804622283
29,sharedergodic,high,6,1808,2.3624923973263
29,autoergodic,high,6,1808,6.11275680499864
29,none,low,6,2322,1.38501579393666
29,waypoint,low,6,2322,3.85377789569545
29,directergodic,low,6,2322,1.57816184996167
29,sharedergodic,low,6,2322,1.19068179001075
29,autoergodic,low,6,2322,3.4912942285495
29,none,high,6,2322,7.87667991260158
29,waypoint,high,6,2322,10.7123412239785
29,directergodic,high,6,2322,6.54365268559034
29,sharedergodic,high,6,2322,2.51567699287648
29,autoergodic,high,6,2322,6.22071017892297
29,none,low,6,2981,1.43879212842201
29,waypoint,low,6,2981,3.80884932519483
29,directergodic,low,6,2981,1.09028089064696
29,sharedergodic,low,6,2981,1.12173232273861
29,autoergodic,low,6,2981,3.31856047368826
29,none,high,6,2981,7.6532331142081
29,waypoint,high,6,2981,10.6952953582511
29,directergodic,high,6,2981,6.54835010725719
29,sharedergodic,high,6,2981,2.29795631778093
29,autoergodic,high,6,2981,6.05798443311235
29,none,low,6,3828,1.26594452390291
29,waypoint,low,6,3828,3.67366628043807
29,directergodic,low,6,3828,1.12513217330188
29,sharedergodic,low,6,3828,1.46378865836977
29,autoergodic,low,6,3828,3.43940239843962
29,none,high,6,3828,7.62929662881138
29,waypoint,high,6,3828,10.8504521396915
29,directergodic,high,6,3828,6.60136275783661
29,sharedergodic,high,6,3828,2.13165409948059
29,autoergodic,high,6,3828,6.02006336817787
29,none,low,6,4915,1.263366852652
29,waypoint,low,6,4915,3.76873139779951
29,directergodic,low,6,4915,1.02521191918944
29,sharedergodic,low,6,4915,1.12318821370309
29,autoergodic,low,6,4915,3.30540266100744
29,none,high,6,4915,7.65750224846629
29,waypoint,high,6,4915,10.5892271254436
29,directergodic,high,6,4915,6.63233012411153
29,sharedergodic,high,6,4915,2.55416091386381
29,autoergodic,high,6,4915,6.13662433565788
29,none,low,6,6311,1.26427301788783
29,waypoint,low,6,6311,3.59066555242795
29,directergodic,low,6,6311,1.30422447234151
29,sharedergodic,low,6,6311,1.29369950923938
29,autoergodic,low,6,6311,3.25547415633808
29,none,high,6,6311,7.9456683665097
29,waypoint,high,6,6311,10.6534616648518
29,directergodic,high,6,6311,6.59447508922217
29,sharedergodic,high,6,6311,2.27709441190612
29,autoergodic,high,6,6311,6.11116012730683
29,none,low,6,8103,1.17053001564524
29,waypoint,low,6,8103,3.63948893106883
29,directergodic,low,6,8103,1.27474071994823
29,sharedergodic,low,6,8103,1.1840914805656
29,autoergodic,low,6,8103,3.20643962884994
29,none,high,6,8103,7.84612428135148
29,waypoint,high,6,8103,10.7017143483376
29,directergodic,high,6,8103,6.56708821239745
29,sharedergodic,high,6,8103,2.2219791978364
29,autoergodic,high,6,8103,6.07862750559499
29,none,low,6,10405,1.05992611317958
29,waypoint,low,6,10405,3.5747716440737
29,directergodic,low,6,10405,1.28738643993917
29,sharedergodic,low,6,10405,1.40731712811627
29,autoergodic,low,6,10405,3.31492911586396
29,none,high,6,10405,7.68525797813587
29,waypoint,high,6,10405,10.5715805163171
29,directergodic,high,6,10405,6.57144688543491
29,sharedergodic,high,6,10405,2.70428716998714
29,autoergodic,high,6,10405,6.10732837378783
29,none,low,6,13360,1.20926186158657
29,waypoint,low,6,13360,3.86460403088659
29,directergodic,low,6,13360,1.50811295867983
29,sharedergodic,low,6,13360,1.19076267818876
29,autoergodic,low,6,13360,3.41782338698798
29,none,high,6,13360,7.71107422321207
29,waypoint,high,6,13360,10.6162362525722
29,directergodic,high,6,13360,6.79874862729759
29,sharedergodic,high,6,13360,1.92893030700588
29,autoergodic,high,6,13360,6.08152869544139
29,none,low,6,17154,1.31403543160072
29,waypoint,low,6,17154,4.20330416267089
29,directergodic,low,6,17154,1.28851965820702
29,sharedergodic,low,6,17154,1.50495624482021
29,autoergodic,low,6,17154,3.6812245631428
29,none,high,6,17154,8.38507927082265
29,waypoint,high,6,17154,11.6779758281493
29,directergodic,high,6,17154,6.70769595752963
29,sharedergodic,high,6,17154,2.66842065325062
29,autoergodic,high,6,17154,6.19294035736699
29,none,low,6,22026,1.47949460787593
29,waypoint,low,6,22026,4.2041060081623
29,directergodic,low,6,22026,1.42173747261647
29,sharedergodic,low,6,22026,1.29319022343889
29,autoergodic,low,6,22026,3.88115915529904
29,none,high,6,22026,8.11141337517134
29,waypoint,high,6,22026,11.4212171573485
29,directergodic,high,6,22026,6.96995194572215
29,sharedergodic,high,6,22026,3.03795199323783
29,autoergodic,high,6,22026,6.23488826174673
29,none,low,6,28282,1.33945736097219
29,waypoint,low,6,28282,3.96054776862583
29,directergodic,low,6,28282,1.89625364404061
29,sharedergodic,low,6,28282,2.0504045125789
29,autoergodic,low,6,28282,4.02012230676381
29,none,high,6,28282,8.86325532940313
29,waypoint,high,6,28282,11.1154757933766
29,directergodic,high,6,28282,6.82666309434249
29,sharedergodic,high,6,28282,2.72390408129105
29,autoergodic,high,6,28282,6.19538179787983
29,none,low,4,2981,2.28509816771188
29,waypoint,low,4,2981,5.37899938381506
29,directergodic,low,4,2981,4.33926141455859
29,sharedergodic,low,4,2981,4.03929119744421
29,autoergodic,low,4,2981,5.36918836812291
29,none,high,4,2981,10.6614944371247
29,waypoint,high,4,2981,11.4726697472678
29,directergodic,high,4,2981,8.71419187032411
29,sharedergodic,high,4,2981,6.28820622986708
29,autoergodic,high,4,2981,6.55093623261249
29,none,low,4,3828,2.79953467105648
29,waypoint,low,4,3828,4.86676508981233
29,directergodic,low,4,3828,5.16479926419937
29,sharedergodic,low,4,3828,3.83173818274597
29,autoergodic,low,4,3828,5.59967685456844
29,none,high,4,3828,12.2872417445762
29,waypoint,high,4,3828,12.415300051734
29,directergodic,high,4,3828,9.17907859281146
29,sharedergodic,high,4,3828,4.3225287278606
29,autoergodic,high,4,3828,6.56303027427939
29,none,low,4,4915,2.67430451729348
29,waypoint,low,4,4915,5.95434733555501
29,directergodic,low,4,4915,5.14249237953684
29,sharedergodic,low,4,4915,4.09539010529913
29,autoergodic,low,4,4915,5.2564739623191
29,none,high,4,4915,11.7563937759266
29,waypoint,high,4,4915,11.2149015238137
29,directergodic,high,4,4915,9.64957515393417
29,sharedergodic,high,4,4915,5.70551191456186
29,autoergodic,high,4,4915,6.9102564640249
29,none,low,4,6311,2.72579757260089
29,waypoint,low,4,6311,6.11986015297809
29,directergodic,low,4,6311,6.45844700599084
29,sharedergodic,low,4,6311,4.55003468895823
29,autoergodic,low,4,6311,5.7596411401469
29,none,high,4,6311,11.1677885656813
29,waypoint,high,4,6311,11.6328075345775
29,directergodic,high,4,6311,10.6048419990023
29,sharedergodic,high,4,6311,5.64044999605191
29,autoergodic,high,4,6311,6.67107910811824
29,none,low,4,8103,2.72353416156157
29,waypoint,low,4,8103,5.91349977903632
29,directergodic,low,4,8103,5.91778826792806
29,sharedergodic,low,4,8103,4.57968290673204
29,autoergodic,low,4,8103,5.52327300459254
29,none,high,4,8103,11.8647386308576
29,waypoint,high,4,8103,10.9350265684052
29,directergodic,high,4,8103,10.3763346097248
29,sharedergodic,high,4,8103,5.82462250326423
29,autoergodic,high,4,8103,7.03239200354038
29,none,low,4,10405,2.5099041701555
29,waypoint,low,4,10405,5.73129628048744
29,directergodic,low,4,10405,7.09257299027905
29,sharedergodic,low,4,10405,4.85840200527395
29,autoergodic,low,4,10405,5.74286157495862
29,none,high,4,10405,11.530942610242
29,waypoint,high,4,10405,11.3996585812599
29,directergodic,high,4,10405,10.5433392735979
29,sharedergodic,high,4,10405,6.12248130706435
29,autoergodic,high,4,10405,6.77592080053746
29,none,low,4,13360,2.75347757795678
29,waypoint,low,4,13360,5.37085064896257
29,directergodic,low,4,13360,6.11422608871878
29,sharedergodic,low,4,13360,4.39086646737277
29,autoergodic,low,4,13360,5.37104917903187
29,none,high,4,13360,12.2894213555756
29,waypoint,high,4,13360,11.4089527879683
29,directergodic,high,4,13360,10.5026976465377
29,sharedergodic,high,4,13360,5.57889425998392
29,autoergodic,high,4,13360,6.96236859221623
29,none,low,4,17154,2.93456513653377
29,waypoint,low,4,17154,5.63107672046076
29,directergodic,low,4,17154,6.89950317326703
29,sharedergodic,low,4,17154,4.76685187660457
29,autoergodic,low,4,17154,5.81335782503994
29,none,high,4,17154,12.3859996762375
29,waypoint,high,4,17154,11.1365103506004
29,directergodic,high,4,17154,11.0061584320388
29,sharedergodic,high,4,17154,5.46660524542756
29,autoergodic,high,4,17154,6.93638461096209
29,none,low,4,22027,2.6276485325311
29,waypoint,low,4,22027,5.30925549830578
29,directergodic,low,4,22027,6.87195202150766
29,sharedergodic,low,4,22027,4.40932473577212
29,autoergodic,low,4,22027,5.59517885410878
29,none,high,4,22027,12.5207930470841
29,waypoint,high,4,22027,11.1777503579495
29,directergodic,high,4,22027,11.1387407417458
29,sharedergodic,high,4,22027,6.06510889473318
29,autoergodic,high,4,22027,6.9508309903032
29,none,low,4,28283,2.49258108574117
29,waypoint,low,4,28283,5.91021637327945
29,directergodic,low,4,28283,6.81783359597504
29,sharedergodic,low,4,28283,4.9908115871026
29,autoergodic,low,4,28283,5.97575791623198
29,none,high,4,28283,12.2039178853424
29,waypoint,high,4,28283,11.276409958551
29,directergodic,high,4,28283,11.1597370386032
29,sharedergodic,high,4,28283,6.09229105660858
29,autoergodic,high,4,28283,7.20081548850433
29,none,low,3,1,1027.31467320067
29,waypoint,low,3,1,933.097754977441
29,directergodic,low,3,1,1092.78693879785
29,sharedergodic,low,3,1,987.054540562972
29,autoergodic,low,3,1,896.653892323733
29,none,high,3,1,890.288572948273
29,waypoint,high,3,1,1025.42979991416
29,directergodic,high,3,1,1083.43511076102
29,sharedergodic,high,3,1,1037.65277574597
29,autoergodic,high,3,1,1086.1332018603
29,none,low,3,2,695.501079778547
29,waypoint,low,3,2,795.22103346675
29,directergodic,low,3,2,944.619390924268
29,sharedergodic,low,3,2,444.602013701299
29,autoergodic,low,3,2,504.905640736512
29,none,high,3,2,854.377481874474
29,waypoint,high,3,2,503.083740354388
29,directergodic,high,3,2,752.481999337122
29,sharedergodic,high,3,2,806.135689549443
29,autoergodic,high,3,2,704.24687279454
29,none,low,3,3,658.206453684719
29,waypoint,low,3,3,551.281797571223
29,directergodic,low,3,3,658.4883406346
29,sharedergodic,low,3,3,510.074569513251
29,autoergodic,low,3,3,501.030952662851
29,none,high,3,3,404.291707441728
29,waypoint,high,3,3,656.742581690564
29,directergodic,high,3,3,758.905327207551
29,sharedergodic,high,3,3,666.850299631208
29,autoergodic,high,3,3,513.749237067374
29,none,low,3,4,559.372839365475
29,waypoint,low,3,4,159.147786076693
29,directergodic,low,3,4,310.82716863207
29,sharedergodic,low,3,4,254.436119964758
29,autoergodic,low,3,4,163.321926013148
29,none,high,3,4,263.24433088856
29,waypoint,high,3,4,362.443770918171
29,directergodic,high,3,4,415.802750383685
29,sharedergodic,high,3,4,318.927092329261
29,autoergodic,high,3,4,552.293750402367
29,none,low,3,6,216.099584363117
29,waypoint,low,3,6,65.3221297840981
29,directergodic,low,3,6,213.750145321974
29,sharedergodic,low,3,6,210.689550504155
29,autoergodic,low,3,6,255.330050734356
29,none,high,3,6,314.581071034805
29,waypoint,high,3,6,211.238601711319
29,directergodic,high,3,6,212.543780782058
29,sharedergodic,high,3,6,268.841955626336
29,autoergodic,high,3,6,359.01584015424
29,none,low,3,7,260.066825723256
29,waypoint,low,3,7,109.696148712985
29,directergodic,low,3,7,102.586337818903
29,sharedergodic,low,3,7,103.084461004431
29,autoergodic,low,3,7,211.224725759634
29,none,high,3,7,165.402882363073
29,waypoint,high,3,7,211.191835419207
29,directergodic,high,3,7,214.798630268845
29,sharedergodic,high,3,7,413.228625958487
29,autoergodic,high,3,7,107.865708511351
29,none,low,3,9,158.895793995241
29,waypoint,low,3,9,58.408392172922
29,directergodic,low,3,9,102.896941670561
29,sharedergodic,low,3,9,159.336270364621
29,autoergodic,low,3,9,57.8923104301882
29,none,high,3,9,22.0014017425317
29,waypoint,high,3,9,213.765900392653
29,directergodic,high,3,9,214.741444098143
29,sharedergodic,high,3,9,116.273100175405
29,autoergodic,high,3,9,253.498253219006
29,none,low,3,12,105.954111119104
29,waypoint,low,3,12,62.7076526436965
29,directergodic,low,3,12,153.680188788631
29,sharedergodic,low,3,12,4.21103898333431
29,autoergodic,low,3,12,115.855865769979
29,none,high,3,12,11.5265167960345
29,waypoint,high,3,12,114.013783615962
29,directergodic,high,3,12,111.017136113856
29,sharedergodic,high,3,12,13.7717712696193
29,autoergodic,high,3,12,106.826790462431
29,none,low,3,16,9.69118627543711
29,waypoint,low,3,16,9.52585902341511
29,directergodic,low,3,16,5.183460980396
29,sharedergodic,low,3,16,55.5862270240851
29,autoergodic,low,3,16,103.27162273727
29,none,high,3,16,15.6233159829712
29,waypoint,high,3,16,15.508272222922
29,directergodic,high,3,16,22.2047230216553
29,sharedergodic,high,3,16,6.89746631391867
29,autoergodic,high,3,16,57.1744214823668
29,none,low,3,20,9.94374037431309
29,waypoint,low,3,20,7.47116461008926
29,directergodic,low,3,20,5.01291200166451
29,sharedergodic,low,3,20,55.4834660610263
29,autoergodic,low,3,20,5.23108283198219
29,none,high,3,20,15.853279022788
29,waypoint,high,3,20,8.64323590687637
29,directergodic,high,3,20,12.1134871441837
29,sharedergodic,high,3,20,10.4112671453534
29,autoergodic,high,3,20,7.57549646125931
29,none,low,3,26,6.2558435369688
29,waypoint,low,3,26,5.77033186724694
29,directergodic,low,3,26,3.3309387869494
29,sharedergodic,low,3,26,3.68483971756885
29,autoergodic,low,3,26,5.96184429848863
29,none,high,3,26,9.37797545602338
29,waypoint,high,3,26,6.43380046653828
29,directergodic,high,3,26,8.22061237881106
29,sharedergodic,high,3,26,6.50642185042532
29,autoergodic,high,3,26,7.75681350603731
29,none,low,3,33,3.11152251494335
29,waypoint,low,3,33,8.9016255635219
29,directergodic,low,3,33,3.52094630598281
29,sharedergodic,low,3,33,2.97310023486057
29,autoergodic,low,3,33,6.2449688137625
29,none,high,3,33,12.6757244794163
29,waypoint,high,3,33,8.82319177180586
29,directergodic,high,3,33,11.7115431190713
29,sharedergodic,high,3,33,10.3687359738475
29,autoergodic,high,3,33,7.40795513454033
29,none,low,3,43,2.74714823160233
29,waypoint,low,3,43,5.72255753106789
29,directergodic,low,3,43,3.58010898709003
29,sharedergodic,low,3,43,3.2639092426536
29,autoergodic,low,3,43,5.17864581861349
29,none,high,3,43,8.75822938781096
29,waypoint,high,3,43,8.28027223972093
29,directergodic,high,3,43,10.6483672134601
29,sharedergodic,high,3,43,3.24698047461383
29,autoergodic,high,3,43,7.23121097143905
29,none,low,3,55,2.40358611480895
29,waypoint,low,3,55,5.39520261472454
29,directergodic,low,3,55,3.02806555824572
29,sharedergodic,low,3,55,2.38826207904508
29,autoergodic,low,3,55,4.53619355425872
29,none,high,3,55,9.36866506144431
29,waypoint,high,3,55,11.1017480994081
29,directergodic,high,3,55,10.7640412443738
29,sharedergodic,high,3,55,5.73271023852304
29,autoergodic,high,3,55,6.9788228165003
29,none,low,3,70,3.20768664289586
29,waypoint,low,3,70,5.1798903085377
29,directergodic,low,3,70,2.93235207929367
29,sharedergodic,low,3,70,2.68217423328228
29,autoergodic,low,3,70,5.1703808734801
29,none,high,3,70,8.82869701365898
29,waypoint,high,3,70,8.53045383208892
29,directergodic,high,3,70,7.14318888908743
29,sharedergodic,high,3,70,5.03111798943586
29,autoergodic,high,3,70,6.97832118072989
29,none,low,3,90,2.89017968937404
29,waypoint,low,3,90,5.46207480085951
29,directergodic,low,3,90,2.6677650512365
29,sharedergodic,low,3,90,2.67667750982065
29,autoergodic,low,3,90,4.90815842351167
29,none,high,3,90,9.31538870849705
29,waypoint,high,3,90,10.8761945912743
29,directergodic,high,3,90,7.89528522631555
29,sharedergodic,high,3,90,3.51370892110971
29,autoergodic,high,3,90,7.03015108269343
29,none,low,3,116,2.58641045228692
29,waypoint,low,3,116,4.67772232241932
29,directergodic,low,3,116,2.93390894836436
29,sharedergodic,low,3,116,2.54504287359644
29,autoergodic,low,3,116,4.32557847051847
29,none,high,3,116,9.59338585024462
29,waypoint,high,3,116,10.7901804679508
29,directergodic,high,3,116,7.58783191650396
29,sharedergodic,high,3,116,3.10250758415812
29,autoergodic,high,3,116,6.42085285783975
29,none,low,3,148,3.03898489870495
29,waypoint,low,3,148,4.94323908541134
29,directergodic,low,3,148,2.88430451465397
29,sharedergodic,low,3,148,2.62837740442653
29,autoergodic,low,3,148,4.29287083217443
29,none,high,3,148,9.71578878218559
29,waypoint,high,3,148,10.6363929121779
29,directergodic,high,3,148,8.06550890538506
29,sharedergodic,high,3,148,4.89360445079148
29,autoergodic,high,3,148,6.39007541434785
29,none,low,3,191,2.43375231875355
29,waypoint,low,3,191,5.67795094435246
29,directergodic,low,3,191,3.67188990202447
29,sharedergodic,low,3,191,2.64513716989859
29,autoergodic,low,3,191,4.9450868656867
29,none,high,3,191,9.1002581531953
29,waypoint,high,3,191,10.7170707985916
29,directergodic,high,3,191,7.77325814974547
29,sharedergodic,high,3,191,2.59486812417423
29,autoergodic,high,3,191,6.49940920200591
29,none,low,3,245,2.66256221095846
29,waypoint,low,3,245,5.23593408192739
29,directergodic,low,3,245,3.04773236730296
29,sharedergodic,low,3,245,3.60863914518372
29,autoergodic,low,3,245,4.78836056128035
29,none,high,3,245,8.73768151608275
29,waypoint,high,3,245,11.136709645027
29,directergodic,high,3,245,7.6164652350606
29,sharedergodic,high,3,245,4.29790476081776
29,autoergodic,high,3,245,6.50933055168475
29,none,low,3,314,2.32576057250023
29,waypoint,low,3,314,5.49727929367091
29,directergodic,low,3,314,3.77200735580533
29,sharedergodic,low,3,314,3.22406853198977
29,autoergodic,low,3,314,4.42721971600033
29,none,high,3,314,9.51736878741282
29,waypoint,high,3,314,10.6890693710948
29,directergodic,high,3,314,8.75728298733897
29,sharedergodic,high,3,314,4.71752622467807
29,autoergodic,high,3,314,6.56279560917553
29,none,low,3,403,2.66026090124073
29,waypoint,low,3,403,5.75293367820908
29,directergodic,low,3,403,2.2033535096926
29,sharedergodic,low,3,403,2.61086826234905
29,autoergodic,low,3,403,5.76383777628798
29,none,high,3,403,11.0040351481999
29,waypoint,high,3,403,11.2380332645432
29,directergodic,high,3,403,8.39401854528436
29,sharedergodic,high,3,403,4.9319429679633
29,autoergodic,high,3,403,6.72465175217636
29,none,low,3,518,2.62757839727671
29,waypoint,low,3,518,5.34478417567254
29,directergodic,low,3,518,4.13537444858464
29,sharedergodic,low,3,518,3.37148068677012
29,autoergodic,low,3,518,4.08008531911087
29,none,high,3,518,13.0076780039391
29,waypoint,high,3,518,10.9306788458671
29,directergodic,high,3,518,10.4206415473831
29,sharedergodic,high,3,518,4.70252248878644
29,autoergodic,high,3,518,6.76608512014089
29,none,low,3,665,2.37797458657869
29,waypoint,low,3,665,5.25552973287861
29,directergodic,low,3,665,3.39614250697211
29,sharedergodic,low,3,665,5.10041408893361
29,autoergodic,low,3,665,6.33659946189258
29,none,high,3,665,11.3695629037766
29,waypoint,high,3,665,10.7139312281606
29,directergodic,high,3,665,9.66940731756857
29,sharedergodic,high,3,665,5.76077086403073
29,autoergodic,high,3,665,6.63857787893206
29,none,low,3,854,2.52620716097038
29,waypoint,low,3,854,5.6338807706977
29,directergodic,low,3,854,5.94065994538845
29,sharedergodic,low,3,854,4.41068142817207
29,autoergodic,low,3,854,5.54863878223887
29,none,high,3,854,11.8771168482855
29,waypoint,high,3,854,10.9890929030595
29,directergodic,high,3,854,9.21855124907316
29,sharedergodic,high,3,854,5.25274215218926
29,autoergodic,high,3,854,7.52195794078528
29,none,low,3,1097,2.72534989883927
29,waypoint,low,3,1097,5.7716968451831
29,directergodic,low,3,1097,7.04038062090015
29,sharedergodic,low,3,1097,4.46704805886385
29,autoergodic,low,3,1097,6.12130413228531
29,none,high,3,1097,12.3204343955411
29,waypoint,high,3,1097,10.8766030532443
29,directergodic,high,3,1097,10.5917082758982
29,sharedergodic,high,3,1097,5.01482113157221
29,autoergodic,high,3,1097,7.01583404363016
29,none,low,3,1408,2.89649835822303
29,waypoint,low,3,1408,5.91116122116556
29,directergodic,low,3,1408,6.51769886442357
29,sharedergodic,low,3,1408,5.01415892749691
29,autoergodic,low,3,1408,5.63005952803839
29,none,high,3,1408,12.6059440052773
29,waypoint,high,3,1408,10.8786923923593
29,directergodic,high,3,1408,10.3987141275015
29,sharedergodic,high,3,1408,5.45431383024861
29,autoergodic,high,3,1408,6.97561573055522
29,none,low,3,1808,2.82301716071306
29,waypoint,low,3,1808,5.74821023788959
29,directergodic,low,3,1808,6.9535924634479
29,sharedergodic,low,3,1808,4.85056317457946
29,autoergodic,low,3,1808,7.10950745907126
29,none,high,3,1808,12.8564659832579
29,waypoint,high,3,1808,10.5900627461069
29,directergodic,high,3,1808,10.3198014875185
29,sharedergodic,high,3,1808,5.89839778956842
29,autoergodic,high,3,1808,7.10180182801142
29,none,low,3,2322,2.78396151721893
29,waypoint,low,3,2322,6.00935481938396
29,directergodic,low,3,2322,6.80365766456788
29,sharedergodic,low,3,2322,4.94463069012518
29,autoergodic,low,3,2322,6.40311972808547
29,none,high,3,2322,12.5184610950298
29,waypoint,high,3,2322,10.8670844039134
29,directergodic,high,3,2322,11.1186259898061
29,sharedergodic,high,3,2322,5.75488214115243
29,autoergodic,high,3,2322,7.3013588542436
29,none,low,3,2981,2.72638392116705
29,waypoint,low,3,2981,5.65835842402528
29,directergodic,low,3,2981,6.46059793892701
29,sharedergodic,low,3,2981,4.5146968539938
29,autoergodic,low,3,2981,6.62868915580627
29,none,high,3,2981,12.6328876099518
29,waypoint,high,3,2981,10.7930172906573
29,directergodic,high,3,2981,11.5735134490792
29,sharedergodic,high,3,2981,5.19258537408349
29,autoergodic,high,3,2981,7.19435688827285
29,none,low,3,3828,2.88103348018698
29,waypoint,low,3,3828,5.86335640575603
29,directergodic,low,3,3828,7.1371497018243
29,sharedergodic,low,3,3828,4.40140992239583
29,autoergodic,low,3,3828,6.8816069096951
29,none,high,3,3828,12.4295551797503
29,waypoint,high,3,3828,10.8888271212175
29,directergodic,high,3,3828,10.9036133294583
29,sharedergodic,high,3,3828,5.41160572540505
29,autoergodic,high,3,3828,6.86330509194869
29,none,low,3,4915,2.74696457564807
29,waypoint,low,3,4915,5.79111483203952
29,directergodic,low,3,4915,6.52927258821584
29,sharedergodic,low,3,4915,5.24210859130609
29,autoergodic,low,3,4915,6.53907968545977
29,none,high,3,4915,13.0457575660094
29,waypoint,high,3,4915,10.994170781501
29,directergodic,high,3,4915,11.0806236252587
29,sharedergodic,high,3,4915,5.76633691015142
29,autoergodic,high,3,4915,7.18086511023888
29,none,low,5,1,1037.40812732682
29,waypoint,low,5,1,1024.53034871897
29,directergodic,low,5,1,893.481815717309
29,sharedergodic,low,5,1,887.577636014347
29,autoergodic,low,5,1,823.603368884801
29,none,high,5,1,984.802010425439
29,waypoint,high,5,1,879.342031456054
29,directergodic,high,5,1,973.96078261227
29,sharedergodic,high,5,1,879.380008349669
29,autoergodic,high,5,1,980.503941178787
29,none,low,5,2,563.194083635197
29,waypoint,low,5,2,648.811638088571
29,directergodic,low,5,2,908.389493487776
29,sharedergodic,low,5,2,551.953075968267
29,autoergodic,low,5,2,495.649945312293
29,none,high,5,2,750.004659398362
29,waypoint,high,5,2,696.348032009722
29,directergodic,high,5,2,708.75725285065
29,sharedergodic,high,5,2,788.5881384128
29,autoergodic,high,5,2,900.388591882711
29,none,low,5,3,661.292018693859
29,waypoint,low,5,3,465.700051616591
29,directergodic,low,5,3,466.265756535369
29,sharedergodic,low,5,3,561.410929425325
29,autoergodic,low,5,3,502.798116242243
29,none,high,5,3,561.673519090247
29,waypoint,high,5,3,558.16868091604
29,directergodic,high,5,3,458.384816331141
29,sharedergodic,high,5,3,610.844606239897
29,autoergodic,high,5,3,517.423101272864
29,none,low,5,4,656.273891485348
29,waypoint,low,5,4,305.027703725373
29,directergodic,low,5,4,551.670135452433
29,sharedergodic,low,5,4,265.818147273488
29,autoergodic,low,5,4,326.576991093288
29,none,high,5,4,365.235618432551
29,waypoint,high,5,4,650.922221252156
29,directergodic,high,5,4,466.217646451758
29,sharedergodic,high,5,4,363.164615447168
29,autoergodic,high,5,4,618.061967432643
29,none,low,5,6,220.555529292856
29,waypoint,low,5,6,214.181853660503
29,directergodic,low,5,6,410.720188827892
29,sharedergodic,low,5,6,178.694164433282
29,autoergodic,low,5,6,217.566769372868
29,none,high,5,6,162.346937814367
29,waypoint,high,5,6,216.76492783101
29,directergodic,high,5,6,311.882596562554
29,sharedergodic,high,5,6,317.862548622872
29,autoergodic,high,5,6,267.067320628434
29,none,low,5,7,269.977089091318
29,waypoint,low,5,7,111.670221147517
29,directergodic,low,5,7,318.676958090741
29,sharedergodic,low,5,7,113.157654456954
29,autoergodic,low,5,7,112.000184289496
29,none,high,5,7,181.673180575928
29,waypoint,high,5,7,67.1946405837526
29,directergodic,high,5,7,23.8057064815451
29,sharedergodic,high,5,7,286.276506870085
29,autoergodic,high,5,7,111.311575083947
29,none,low,5,9,117.918599478935
29,waypoint,low,5,9,113.800605108535
29,directergodic,low,5,9,119.054915484821
29,sharedergodic,low,5,9,155.58259788197
29,autoergodic,low,5,9,105.763703853941
29,none,high,5,9,226.274830465434
29,waypoint,high,5,9,213.536837471333
29,directergodic,high,5,9,170.80984746495
29,sharedergodic,high,5,9,68.4823685114976
29,autoergodic,high,5,9,108.637518761456
29,none,low,5,12,121.543090194841
29,waypoint,low,5,12,62.4892551150961
29,directergodic,low,5,12,12.6593944919215
29,sharedergodic,low,5,12,58.5220707912059
29,autoergodic,low,5,12,71.7308702427559
29,none,high,5,12,85.577311918349
29,waypoint,high,5,12,66.3257991014747
29,directergodic,high,5,12,69.9984816387821
29,sharedergodic,high,5,12,42.4236972957402
29,autoergodic,high,5,12,110.414745806884
29,none,low,5,16,15.6718733271251
29,waypoint,low,5,16,12.138097715476
29,directergodic,low,5,16,13.8766692760256
29,sharedergodic,low,5,16,7.95210039396006
29,autoergodic,low,5,16,18.2291142023321
29,none,high,5,16,11.3859203071477
29,waypoint,high,5,16,113.553397354532
29,directergodic,high,5,16,18.690226542037
29,sharedergodic,high,5,16,79.0038550617319
29,autoergodic,high,5,16,17.2730574236363
29,none,low,5,20,10.8168889657977
29,waypoint,low,5,20,14.2456392895845
29,directergodic,low,5,20,6.12612416113465
29,sharedergodic,low,5,20,7.89808502448508
29,autoergodic,low,5,20,7.65928921972296
29,none,high,5,20,16.5169945396393
29,waypoint,high,5,20,59.3648856236771
29,directergodic,high,5,20,11.6441464087882
29,sharedergodic,high,5,20,64.0061339099565
29,autoergodic,high,5,20,8.95521476212622
29,none,low,5,26,12.4162893601452
29,waypoint,low,5,26,7.10594192257426
29,directergodic,low,5,26,4.06752191561125
29,sharedergodic,low,5,26,4.60323925080331
29,autoergodic,low,5,26,6.0775295367991
29,none,high,5,26,20.2514079549673
29,waypoint,high,5,26,12.1338840852884
29,directergodic,high,5,26,16.4372395497014
29,sharedergodic,high,5,26,10.9219985211876
29,autoergodic,high,5,26,7.07589905655734
29,none,low,5,33,13.0395130742451
29,waypoint,low,5,33,12.1314270598762
29,directergodic,low,5,33,3.78691073056905
29,sharedergodic,low,5,33,6.00868021266186
29,autoergodic,low,5,33,5.22449059579614
29,none,high,5,33,18.7104172721642
29,waypoint,high,5,33,12.4137973511564
29,directergodic,high,5,33,14.5013584506912
29,sharedergodic,high,5,33,7.24986944972504
29,autoergodic,high,5,33,8.07996414240414
29,none,low,5,43,8.8649646740607
29,waypoint,low,5,43,10.6415953409554
29,directergodic,low,5,43,3.90816907606213
29,sharedergodic,low,5,43,5.76601885360954
29,autoergodic,low,5,43,4.69339341330912
29,none,high,5,43,11.4978805735203
29,waypoint,high,5,43,14.8001075432776
29,directergodic,high,5,43,10.702421488444
29,sharedergodic,high,5,43,7.77049254464756
29,autoergodic,high,5,43,7.95667229345654
29,none,low,5,55,10.9575640994125
29,waypoint,low,5,55,11.2298307123123
29,directergodic,low,5,55,3.09761982706776
29,sharedergodic,low,5,55,3.06971616072969
29,autoergodic,low,5,55,4.59221437926618
29,none,high,5,55,11.0923827672822
29,waypoint,high,5,55,11.8917658553695
29,directergodic,high,5,55,10.8364491503464
29,sharedergodic,high,5,55,3.01662010914217
29,autoergodic,high,5,55,8.211759681912
29,none,low,5,70,9.15687495637354
29,waypoint,low,5,70,8.01222347979675
29,directergodic,low,5,70,3.3650896400024
29,sharedergodic,low,5,70,3.12868641573517
29,autoergodic,low,5,70,4.53667561233682
29,none,high,5,70,10.1462317482971
29,waypoint,high,5,70,15.3278848798833
29,directergodic,high,5,70,8.92933972059731
29,sharedergodic,high,5,70,3.65228964454483
29,autoergodic,high,5,70,7.51084760582289
29,none,low,5,90,5.92418492062214
29,waypoint,low,5,90,10.5372840303161
29,directergodic,low,5,90,2.81475623833894
29,sharedergodic,low,5,90,3.59682130970167
29,autoergodic,low,5,90,4.60300904722977
29,none,high,5,90,9.07379767018133
29,waypoint,high,5,90,12.8311453669676
29,directergodic,high,5,90,10.6297260749944
29,sharedergodic,high,5,90,7.31067421825288
29,autoergodic,high,5,90,6.71629977996672
29,none,low,5,116,2.57162000416036
29,waypoint,low,5,116,6.96137520797446
29,directergodic,low,5,116,2.66935633856383
29,sharedergodic,low,5,116,2.56382216987495
29,autoergodic,low,5,116,4.7482905043647
29,none,high,5,116,9.53979639909714
29,waypoint,high,5,116,10.9962206773224
29,directergodic,high,5,116,8.22772284756521
29,sharedergodic,high,5,116,2.74987713598464
29,autoergodic,high,5,116,6.74987255801588
29,none,low,5,148,6.21726790392144
29,waypoint,low,5,148,4.43150353641153
29,directergodic,low,5,148,2.30319914701726
29,sharedergodic,low,5,148,2.02418449656232
29,autoergodic,low,5,148,4.45186846808173
29,none,high,5,148,10.5995768406373
29,waypoint,high,5,148,8.86631185322906
29,directergodic,high,5,148,10.8925568117024
29,sharedergodic,high,5,148,5.9784406142271
29,autoergodic,high,5,148,6.50795642743196
29,none,low,5,191,2.65659089259069
29,waypoint,low,5,191,5.22267631239765
29,directergodic,low,5,191,2.51721064107175
29,sharedergodic,low,5,191,1.96709746234979
29,autoergodic,low,5,191,4.59571460933663
29,none,high,5,191,9.4047739999737
29,waypoint,high,5,191,11.1030193530321
29,directergodic,high,5,191,7.68733824221176
29,sharedergodic,high,5,191,6.62296487748938
29,autoergodic,high,5,191,6.92090869480006
29,none,low,5,245,2.62665711920722
29,waypoint,low,5,245,3.89228410324757
29,directergodic,low,5,245,2.05645720219151
29,sharedergodic,low,5,245,1.66567542338901
29,autoergodic,low,5,245,4.44706887623363
29,none,high,5,245,8.64100423145986
29,waypoint,high,5,245,11.3685220111296
29,directergodic,high,5,245,7.35334372603326
29,sharedergodic,high,5,245,3.90758994342883
29,autoergodic,high,5,245,6.56213494416718
29,none,low,5,314,2.57633638613741
29,waypoint,low,5,314,5.52781029171813
29,directergodic,low,5,314,2.06428078186497
29,sharedergodic,low,5,314,1.61147271775663
29,autoergodic,low,5,314,4.399630735648
29,none,high,5,314,7.93029092143097
29,waypoint,high,5,314,11.2594789258494
29,directergodic,high,5,314,6.98508369191589
29,sharedergodic,high,5,314,5.79279855269723
29,autoergodic,high,5,314,6.46086373477368
29,none,low,5,403,2.01815474811143
29,waypoint,low,5,403,4.53978908807698
29,directergodic,low,5,403,1.87236895413496
29,sharedergodic,low,5,403,1.95896095917418
29,autoergodic,low,5,403,3.87304169894613
29,none,high,5,403,8.73629729560466
29,waypoint,high,5,403,10.8204413654815
29,directergodic,high,5,403,7.41480352377998
29,sharedergodic,high,5,403,2.94626269527073
29,autoergodic,high,5,403,6.36050005680933
29,none,low,5,518,2.37621375403776
29,waypoint,low,5,518,3.98634059288594
29,directergodic,low,5,518,1.5391160476704
29,sharedergodic,low,5,518,2.25147185063704
29,autoergodic,low,5,518,4.27528633316563
29,none,high,5,518,8.6188732335375
29,waypoint,high,5,518,10.9945239703989
29,directergodic,high,5,518,7.18000901692263
29,sharedergodic,high,5,518,2.69390912905197
29,autoergodic,high,5,518,6.26394006870212
29,none,low,5,665,1.6450130674929
29,waypoint,low,5,665,4.55088396708928
29,directergodic,low,5,665,1.48695214993533
29,sharedergodic,low,5,665,1.97842153139942
29,autoergodic,low,5,665,3.48241106837606
29,none,high,5,665,8.30953228674218
29,waypoint,high,5,665,11.0553276849434
29,directergodic,high,5,665,6.96486637257538
29,sharedergodic,high,5,665,3.19817423729907
29,autoergodic,high,5,665,6.05224812294379
29,none,low,5,854,1.79959172075672
29,waypoint,low,5,854,4.62990133409656
29,directergodic,low,5,854,1.5583979367306
29,sharedergodic,low,5,854,1.93415495778017
29,autoergodic,low,5,854,3.91886809576368
29,none,high,5,854,8.36329525293455
29,waypoint,high,5,854,10.6923082043608
29,directergodic,high,5,854,7.14866942013308
29,sharedergodic,high,5,854,3.02781772653798
29,autoergodic,high,5,854,6.09277068889771
29,none,low,5,1097,1.74333124293789
29,waypoint,low,5,1097,4.13777075545312
29,directergodic,low,5,1097,1.59518891048087
29,sharedergodic,low,5,1097,2.02567031679422
29,autoergodic,low,5,1097,3.38771356714358
29,none,high,5,1097,8.42299752905868
29,waypoint,high,5,1097,11.4636070955689
29,directergodic,high,5,1097,7.02364182570586
29,sharedergodic,high,5,1097,2.54013228225711
29,autoergodic,high,5,1097,6.30729548913775
29,none,low,5,1408,1.86128365264759
29,waypoint,low,5,1408,4.26489025549481
29,directergodic,low,5,1408,1.83080656321741
29,sharedergodic,low,5,1408,1.98335878672575
29,autoergodic,low,5,1408,3.33925295876695
29,none,high,5,1408,8.45892999277903
29,waypoint,high,5,1408,10.9533251397232
29,directergodic,high,5,1408,6.86758403599848
29,sharedergodic,high,5,1408,2.71011076836153
29,autoergodic,high,5,1408,6.08933276399692
29,none,low,5,1808,1.75060380282095
29,waypoint,low,5,1808,4.17017030823746
29,directergodic,low,5,1808,1.4981773650232
29,sharedergodic,low,5,1808,2.00571597142884
29,autoergodic,low,5,1808,3.57464277911267
29,none,high,5,1808,8.26677216780923
29,waypoint,high,5,1808,10.6367283780801
29,directergodic,high,5,1808,7.23996553870854
29,sharedergodic,high,5,1808,2.31771602190161
29,autoergodic,high,5,1808,6.05224812294379
29,none,low,5,2322,1.61699415880852
29,waypoint,low,5,2322,3.95976501696983
29,directergodic,low,5,2322,1.7430587228031
29,sharedergodic,low,5,2322,1.52908815868363
29,autoergodic,low,5,2322,3.75728194360365
29,none,high,5,2322,8.23488636717397
29,waypoint,high,5,2322,11.1263532848703
29,directergodic,high,5,2322,6.89931299941395
29,sharedergodic,high,5,2322,2.33667171943632
29,autoergodic,high,5,2322,6.05224812294379
29,none,low,5,2981,1.59101928160818
29,waypoint,low,5,2981,4.16160596636295
29,directergodic,low,5,2981,1.58271629034097
29,sharedergodic,low,5,2981,1.60322000313589
29,autoergodic,low,5,2981,3.33006355836049
29,none,high,5,2981,8.37710755599853
29,waypoint,high,5,2981,11.6455597085479
29,directergodic,high,5,2981,6.86958175554715
29,sharedergodic,high,5,2981,2.71179790405357
29,autoergodic,high,5,2981,6.15376607485841
29,none,low,5,3828,1.97711279962204
29,waypoint,low,5,3828,4.44882904489375
29,directergodic,low,5,3828,1.94951886557188
29,sharedergodic,low,5,3828,1.74620527436474
29,autoergodic,low,5,3828,4.4562024155366
29,none,high,5,3828,8.80897180196421
29,waypoint,high,5,3828,11.3396551006763
29,directergodic,high,5,3828,7.32844764099531
29,sharedergodic,high,5,3828,2.87446356324592
29,autoergodic,high,5,3828,6.23681829580802
29,none,low,5,4915,1.94200837563427
29,waypoint,low,5,4915,4.19200208021328
29,directergodic,low,5,4915,1.64821332634343
29,sharedergodic,low,5,4915,1.78579241378888
29,autoergodic,low,5,4915,4.1405682469811
29,none,high,5,4915,8.78707287202506
29,waypoint,high,5,4915,10.9468163122786
29,directergodic,high,5,4915,6.89302288208967
29,sharedergodic,high,5,4915,3.76769715490981
29,autoergodic,high,5,4915,6.07764988669171
29,none,low,5,6311,2.51739655566939
29,waypoint,low,5,6311,4.48896540518378
29,directergodic,low,5,6311,2.0251323727434
29,sharedergodic,low,5,6311,2.08938562003856
29,autoergodic,low,5,6311,4.06383742308076
29,none,high,5,6311,9.49930763959331
29,waypoint,high,5,6311,12.4286792113272
29,directergodic,high,5,6311,7.60383998802172
29,sharedergodic,high,5,6311,2.55352243125693
29,autoergodic,high,5,6311,6.24242489346719
29,none,low,5,8103,1.55595106402734
29,waypoint,low,5,8103,4.51992784534614
29,directergodic,low,5,8103,3.25468922090887
29,sharedergodic,low,5,8103,2.5432150218992
29,autoergodic,low,5,8103,4.38644426598574
29,none,high,5,8103,9.86788648243208
29,waypoint,high,5,8103,11.4917622157391
29,directergodic,high,5,8103,7.7515572491309
29,sharedergodic,high,5,8103,3.66210257300275
29,autoergodic,high,5,8103,6.43328138384661
29,none,low,5,10405,2.65502927874691
29,waypoint,low,5,10405,6.28582122163863
29,directergodic,low,5,10405,3.32485545749947
29,sharedergodic,low,5,10405,3.42189891976956
29,autoergodic,low,5,10405,4.59326765876569
29,none,high,5,10405,11.3155962147187
29,waypoint,high,5,10405,12.7204534708016
29,directergodic,high,5,10405,8.32791559066787
29,sharedergodic,high,5,10405,4.73243280029957
29,autoergodic,high,5,10405,6.25120637023432
29,none,low,5,13360,2.81916667072841
29,waypoint,low,5,13360,5.48150134649326
29,directergodic,low,5,13360,5.37234342526572
29,sharedergodic,low,5,13360,3.49474184124769
29,autoergodic,low,5,13360,5.47582168732613
29,none,high,5,13360,11.6665636539379
29,waypoint,high,5,13360,12.1735799877257
29,directergodic,high,5,13360,8.52368602096879
29,sharedergodic,high,5,13360,5.29112845537153
29,autoergodic,high,5,13360,6.14729875223527
29,none,low,5,17155,1.98494649201807
29,waypoint,low,5,17155,6.04155226038528
29,directergodic,low,5,17155,6.22376410296556
29,sharedergodic,low,5,17155,4.47803675202325
29,autoergodic,low,5,17155,6.13512935787361
29,none,high,5,17155,11.5887996389075
29,waypoint,high,5,17155,11.8081104310051
29,directergodic,high,5,17155,9.63063354459388
29,sharedergodic,high,5,17155,3.62237723396669
29,autoergodic,high,5,17155,6.83050643206631
29,none,low,5,22027,2.52347995968455
29,waypoint,low,5,22027,6.56773219802355
29,directergodic,low,5,22027,5.72382980012861
29,sharedergodic,low,5,22027,3.50182305025795
29,autoergodic,low,5,22027,5.78376554387362
29,none,high,5,22027,12.0604809596251
29,waypoint,high,5,22027,11.5768416734886
29,directergodic,high,5,22027,10.3319136339101
29,sharedergodic,high,5,22027,5.12937351137575
29,autoergodic,high,5,22027,6.95401116384207
29,none,low,5,28284,2.52546197972888
29,waypoint,low,5,28284,6.37265157208314
29,directergodic,low,5,28284,6.54136791734522
29,sharedergodic,low,5,28284,4.60540695328973
29,autoergodic,low,5,28284,5.95605952787349
29,none,high,5,28284,12.0794711530823
29,waypoint,high,5,28284,11.5261780799241
29,directergodic,high,5,28284,9.61692989747088
29,sharedergodic,high,5,28284,5.45746347303743
29,autoergodic,high,5,28284,6.6818869192598
29,none,low,8,1,823.5764989756738
29,waypoint,low,8,1,915.0228295222944
29,directergodic,low,8,1,929.7435724394611
29,sharedergodic,low,8,1,808.7228796937462
29,autoergodic,low,8,1,931.3408919394244
29,none,high,8,1,917.8050291237832
29,waypoint,high,8,1,1021.4286753074457
29,directergodic,high,8,1,904.0676357721422
29,sharedergodic,high,8,1,1152.5829115289862
29,autoergodic,high,8,1,1160.1130138091992
29,none,low,8,2,505.06736874635726
29,waypoint,low,8,2,644.9732623454222
29,directergodic,low,8,2,647.222754726261
29,sharedergodic,low,8,2,743.9676390798716
29,autoergodic,low,8,2,787.7477725214072
29,none,high,8,2,593.4962834593583
29,waypoint,high,8,2,905.5895687582207
29,directergodic,high,8,2,826.9671132961334
29,sharedergodic,high,8,2,743.9969385055222
29,autoergodic,high,8,2,835.4265275250365
29,none,low,8,3,655.0816248229258
29,waypoint,low,8,3,650.257057640614
29,directergodic,low,8,3,424.4258706336919
29,sharedergodic,low,8,3,456.05330685596914
29,autoergodic,low,8,3,464.6438508851454
29,none,high,8,3,316.208494252282
29,waypoint,high,8,3,615.8288840305538
29,directergodic,high,8,3,667.7456085474815
29,sharedergodic,high,8,3,663.9570875576711
29,autoergodic,high,8,3,721.2769567462404
29,none,low,8,4,632.7829281252552
29,waypoint,low,8,4,417.7180653737348
29,directergodic,low,8,4,227.8505464699851
29,sharedergodic,low,8,4,331.2011493277768
29,autoergodic,low,8,4,216.6493424953862
29,none,high,8,4,399.43552983315317
29,waypoint,high,8,4,343.97064837074385
29,directergodic,high,8,4,711.3818812837447
29,sharedergodic,high,8,4,338.38428934929294
29,autoergodic,high,8,4,462.24557553092205
29,none,low,8,6,229.00427241378034
29,waypoint,low,8,6,126.80338743411527
29,directergodic,low,8,6,130.54462230035506
29,sharedergodic,low,8,6,279.20361996213546
29,autoergodic,low,8,6,126.46319364695553
29,none,high,8,6,181.8851916212799
29,waypoint,high,8,6,432.0872704497213
29,directergodic,high,8,6,358.3612335087721
29,sharedergodic,high,8,6,264.542088937181
29,autoergodic,high,8,6,433.17049164628315
29,none,low,8,7,167.35991548567222
29,waypoint,low,8,7,258.8679304964478
29,directergodic,low,8,7,226.44526833013256
29,sharedergodic,low,8,7,364.54489614705585
29,autoergodic,low,8,7,185.62619212020354
29,none,high,8,7,227.92839005708336
29,waypoint,high,8,7,233.98216670842712
29,directergodic,high,8,7,174.3060127544162
29,sharedergodic,high,8,7,42.99147257782473
29,autoergodic,high,8,7,224.9928415689207
29,none,low,8,9,135.2935338348927
29,waypoint,low,8,9,31.44858008214887
29,directergodic,low,8,9,226.81997269997973
29,sharedergodic,low,8,9,168.43554799099525
29,autoergodic,low,8,9,221.319440674711
29,none,high,8,9,232.50409897581892
29,waypoint,high,8,9,132.73330459553426
29,directergodic,high,8,9,80.34590112386445
29,sharedergodic,high,8,9,90.49088364102369
29,autoergodic,high,8,9,63.83009454127186
29,none,low,8,12,126.82634705945489
29,waypoint,low,8,12,68.91258184973555
29,directergodic,low,8,12,16.107118097289884
29,sharedergodic,low,8,12,14.685624207548926
29,autoergodic,low,8,12,17.38902263892058
29,none,high,8,12,117.98326232577496
29,waypoint,high,8,12,121.46399278022982
29,directergodic,high,8,12,228.50820828717747
29,sharedergodic,high,8,12,131.9280687749298
29,autoergodic,high,8,12,62.86049240662549
29,none,low,8,16,25.981775258289552
29,waypoint,low,8,16,68.98241902217264
29,directergodic,low,8,16,64.59875242721368
29,sharedergodic,low,8,16,16.858786523967847
29,autoergodic,low,8,16,12.280030214938243
29,none,high,8,16,21.250843419709238
29,waypoint,high,8,16,24.550162320781787
29,directergodic,high,8,16,70.38406494852231
29,sharedergodic,high,8,16,27.584697277365027
29,autoergodic,high,8,16,9.09351588321351
29,none,low,8,20,22.05188969974251
29,waypoint,low,8,20,10.022726790059531
29,directergodic,low,8,20,13.047577096775314
29,sharedergodic,low,8,20,15.693525097096726
29,autoergodic,low,8,20,10.912704340782488
29,none,high,8,20,23.27857141872632
29,waypoint,high,8,20,16.910658550934844
29,directergodic,high,8,20,17.653522368777768
29,sharedergodic,high,8,20,27.129543442399253
29,autoergodic,high,8,20,8.41274877924754
29,none,low,8,26,18.14130834107356
29,waypoint,low,8,26,11.166187488765136
29,directergodic,low,8,26,10.248033934073112
29,sharedergodic,low,8,26,19.76510365749672
29,autoergodic,low,8,26,11.136058274388642
29,none,high,8,26,31.610375961905966
29,waypoint,high,8,26,10.662052484600325
29,directergodic,high,8,26,19.01611465253822
29,sharedergodic,high,8,26,26.45876351222836
29,autoergodic,high,8,26,10.843527346351575
29,none,low,8,33,15.787308194842185
29,waypoint,low,8,33,14.9981589864094
29,directergodic,low,8,33,4.373702556427376
29,sharedergodic,low,8,33,4.127856751560278
29,autoergodic,low,8,33,14.378440513234587
29,none,high,8,33,12.407341619032286
29,waypoint,high,8,33,14.745521259502445
29,directergodic,high,8,33,14.052090671441034
29,sharedergodic,high,8,33,13.649609678433407
29,autoergodic,high,8,33,9.900614811035965
29,none,low,8,43,10.235559366861157
29,waypoint,low,8,43,10.84846148334694
29,directergodic,low,8,43,5.229343929285383
29,sharedergodic,low,8,43,3.5987075140418794
29,autoergodic,low,8,43,6.644077852501004
29,none,high,8,43,16.814720190665383
29,waypoint,high,8,43,16.60853148003574
29,directergodic,high,8,43,8.970440265744706
29,sharedergodic,high,8,43,21.484785525956656
29,autoergodic,high,8,43,8.166644794949159
29,none,low,8,55,13.056653777836399
29,waypoint,low,8,55,6.375533977414804
29,directergodic,low,8,55,5.5041914891764705
29,sharedergodic,low,8,55,6.701608530393425
29,autoergodic,low,8,55,6.38366519845988
29,none,high,8,55,18.389539567102066
29,waypoint,high,8,55,13.653745071664437
29,directergodic,high,8,55,13.470136298511193
29,sharedergodic,high,8,55,11.395662061339053
29,autoergodic,high,8,55,8.297053665538565
29,none,low,8,70,8.98051156024891
29,waypoint,low,8,70,11.60042491216289
29,directergodic,low,8,70,3.5941941988615627
29,sharedergodic,low,8,70,4.1088703436009455
29,autoergodic,low,8,70,5.4595411370202305
29,none,high,8,70,13.991489880022026
29,waypoint,high,8,70,9.93697541234141
29,directergodic,high,8,70,8.69558784807615
29,sharedergodic,high,8,70,11.105057661397279
29,autoergodic,high,8,70,8.085729225878211
29,none,low,8,90,10.80919159221164
29,waypoint,low,8,90,8.406644843116831
29,directergodic,low,8,90,3.5758688399151772
29,sharedergodic,low,8,90,3.9895267046290273
29,autoergodic,low,8,90,4.745164712716107
29,none,high,8,90,13.840142050267396
29,waypoint,high,8,90,14.808438041389737
29,directergodic,high,8,90,10.783807899529139
29,sharedergodic,high,8,90,4.562172988603584
29,autoergodic,high,8,90,7.663055460927335
29,none,low,8,116,11.41611929210291
29,waypoint,low,8,116,10.58569910108564
29,directergodic,low,8,116,2.271347893209647
29,sharedergodic,low,8,116,3.1191988901216354
29,autoergodic,low,8,116,3.8981017983774753
29,none,high,8,116,10.012272085976829
29,waypoint,high,8,116,13.392786884761575
29,directergodic,high,8,116,12.336087767258126
29,sharedergodic,high,8,116,5.461624780885117
29,autoergodic,high,8,116,6.88671610773865
29,none,low,8,148,6.197776172939239
29,waypoint,low,8,148,5.58591742146673
29,directergodic,low,8,148,2.4765891461209084
29,sharedergodic,low,8,148,3.675537194212004
29,autoergodic,low,8,148,5.295857626120488
29,none,high,8,148,13.415165459725163
29,waypoint,high,8,148,12.811108777539442
29,directergodic,high,8,148,10.535466757781542
29,sharedergodic,high,8,148,4.581465069096826
29,autoergodic,high,8,148,7.361103309140015
29,none,low,8,191,8.488368351402173
29,waypoint,low,8,191,6.009400485946238
29,directergodic,low,8,191,1.6343577710152242
29,sharedergodic,low,8,191,2.2486751914426213
29,autoergodic,low,8,191,5.147456882281236
29,none,high,8,191,9.450619744402768
29,waypoint,high,8,191,11.061023966153986
29,directergodic,high,8,191,7.448788930217644
29,sharedergodic,high,8,191,3.2356358051536414
29,autoergodic,high,8,191,7.566100077696751
29,none,low,8,245,2.74694404199483
29,waypoint,low,8,245,5.622941348644394
29,directergodic,low,8,245,2.393101251975689
29,sharedergodic,low,8,245,3.0155104716418397
29,autoergodic,low,8,245,4.55753710685351
29,none,high,8,245,9.821793538890484
29,waypoint,high,8,245,7.4401445125447125
29,directergodic,high,8,245,8.120960132344171
29,sharedergodic,high,8,245,6.959230873421929
29,autoergodic,high,8,245,6.636973819163201
29,none,low,8,314,5.835696476255189
29,waypoint,low,8,314,4.685698858691954
29,directergodic,low,8,314,3.1193786952302163
29,sharedergodic,low,8,314,2.048629945749393
29,autoergodic,low,8,314,4.550162584027023
29,none,high,8,314,10.642194154887543
29,waypoint,high,8,314,11.43883443366786
29,directergodic,high,8,314,8.914281009008135
29,sharedergodic,high,8,314,3.900733116600531
29,autoergodic,high,8,314,6.612554091511547
29,none,low,8,403,5.454132416507434
29,waypoint,low,8,403,4.942634505776306
29,directergodic,low,8,403,2.4014776132395177
29,sharedergodic,low,8,403,1.7667084876614432
29,autoergodic,low,8,403,3.9014375005013564
29,none,high,8,403,9.054532571421186
29,waypoint,high,8,403,8.397729873360754
29,directergodic,high,8,403,6.990303650258417
29,sharedergodic,high,8,403,2.987695960629664
29,autoergodic,high,8,403,6.745616312733003
29,none,low,8,518,5.647105131322102
29,waypoint,low,8,518,5.517239907344159
29,directergodic,low,8,518,1.9813228504869724
29,sharedergodic,low,8,518,2.4300585494423097
29,autoergodic,low,8,518,4.763646545391092
29,none,high,8,518,8.48303316334839
29,waypoint,high,8,518,10.59838861820575
29,directergodic,high,8,518,7.407585284430347
29,sharedergodic,high,8,518,4.291476336603244
29,autoergodic,high,8,518,6.266316602942555
29,none,low,8,665,2.2439963306069637
29,waypoint,low,8,665,5.006339076328378
29,directergodic,low,8,665,1.3298938791514674
29,sharedergodic,low,8,665,1.9694422033418348
29,autoergodic,low,8,665,3.619898420315719
29,none,high,8,665,9.036550479152519
29,waypoint,high,8,665,11.231117420051511
29,directergodic,high,8,665,6.898856196034385
29,sharedergodic,high,8,665,5.930026703763971
29,autoergodic,high,8,665,6.094974633540609
29,none,low,8,854,2.6094172869939847
29,waypoint,low,8,854,5.162043450895211
29,directergodic,low,8,854,1.3633577315618322
29,sharedergodic,low,8,854,2.010754076344039
29,autoergodic,low,8,854,3.8220344848501364
29,none,high,8,854,8.531776641932725
29,waypoint,high,8,854,10.336299811207144
29,directergodic,high,8,854,7.157415146275727
29,sharedergodic,high,8,854,3.642728762859653
29,autoergodic,high,8,854,6.341921949474159
29,none,low,8,1097,2.4556977223494436
29,waypoint,low,8,1097,4.829188444306807
29,directergodic,low,8,1097,1.23252397331626
29,sharedergodic,low,8,1097,1.572192089034877
29,autoergodic,low,8,1097,3.9994790517947245
29,none,high,8,1097,8.406159178309979
29,waypoint,high,8,1097,10.378105379774372
29,directergodic,high,8,1097,7.04037356177843
29,sharedergodic,high,8,1097,2.5734485465475263
29,autoergodic,high,8,1097,6.2269296900713265
29,none,low,8,1408,1.4033256686370665
29,waypoint,low,8,1408,4.012012892125304
29,directergodic,low,8,1408,0.932509326378318
