Time,id,x,y
1581614865,2,0,0
1581614865,4,0,0
1581614865,3,0,0
1581614865,5,0,0
1581614865,6,0,0
48,5,7.82408332824707,20.2723255157471
48,5,7.82408332824707,20.2723255157471
48,5,7.83092212677002,20.2788028717041
48,5,7.83092212677002,20.2788028717041
48,5,7.83782386779785,20.2857360839844
48,5,7.83782386779785,20.2857360839844
48,5,7.83782386779785,20.2857360839844
48,5,7.84574317932129,20.2929782867432
48,5,7.84574317932129,20.2929782867432
48,5,7.84574317932129,20.2929782867432
48,5,7.85573387145996,20.3024311065674
48,5,7.85573387145996,20.3024311065674
48,5,7.85573387145996,20.3024311065674
48,5,7.86733102798462,20.3123340606689
48,5,7.86733102798462,20.3123340606689
48,5,7.86733102798462,20.3123340606689
48,5,7.87716770172119,20.3215141296387
48,5,7.87716770172119,20.3215141296387
48,5,7.8892674446106,20.3319282531738
48,5,7.8892674446106,20.3319282531738
48,5,7.8892674446106,20.3319282531738
48,5,7.89697885513306,20.3392772674561
48,5,7.89697885513306,20.3392772674561
48,5,7.89697885513306,20.3392772674561
48,5,7.90745162963867,20.3484687805176
48,5,7.90745162963867,20.3484687805176
48,5,7.91866970062256,20.3589744567871
48,5,7.91866970062256,20.3589744567871
48,5,7.92620372772217,20.3657836914063
48,5,7.92620372772217,20.3657836914063
48,5,7.93315267562866,20.3725357055664
48,5,7.93315267562866,20.3725357055664
48,5,7.94042587280273,20.3790950775146
48,5,7.94042587280273,20.3790950775146
48,5,7.94042587280273,20.3790950775146
48,5,7.94769620895386,20.386287689209
48,5,7.94769620895386,20.386287689209
48,5,7.94769620895386,20.386287689209
48,5,7.95750522613525,20.3951549530029
48,5,7.95750522613525,20.3951549530029
48,5,7.95750522613525,20.3951549530029
48,5,7.96774768829346,20.4049987792969
48,5,7.96774768829346,20.4049987792969
48,5,7.97471141815186,20.4113903045654
48,5,7.97471141815186,20.4113903045654
48,5,7.98137617111206,20.4180679321289
48,5,7.98137617111206,20.4180679321289
48,5,7.98815822601318,20.4244022369385
48,5,7.98815822601318,20.4244022369385
48,5,7.99531412124634,20.4317226409912
48,5,7.99531412124634,20.4317226409912
48,5,7.99531412124634,20.4317226409912
48,5,8.00489044189453,20.4407806396484
48,5,8.00489044189453,20.4407806396484
48,5,8.01512622833252,20.4511032104492
48,5,8.01512622833252,20.4511032104492
48,5,8.01512622833252,20.4511032104492
48,5,8.02234935760498,20.458101272583
48,5,8.02234935760498,20.458101272583
48,5,8.02929306030273,20.4654941558838
48,5,8.03639316558838,20.4725036621094
48,5,8.03639316558838,20.4725036621094
48,5,8.03639316558838,20.4725036621094
48,5,8.04354190826416,20.4800815582275
48,5,8.04354190826416,20.4800815582275
48,5,8.04354190826416,20.4800815582275
48,5,8.04354190826416,20.4800815582275
49,5,8.25857448577881,20.6512260437012
49,5,8.25857448577881,20.6512260437012
49,5,8.25857448577881,20.6512260437012
49,5,8.25857448577881,20.6512260437012
49,5,8.26931858062744,20.6589603424072
49,5,8.26931858062744,20.6589603424072
49,5,8.28056907653809,20.6664371490479
49,5,8.28056907653809,20.6664371490479
49,5,8.28774261474609,20.6715984344482
49,5,8.28774261474609,20.6715984344482
49,5,8.29504489898682,20.6763877868652
49,5,8.29504489898682,20.6763877868652
49,5,8.30242156982422,20.6817417144775
49,5,8.30242156982422,20.6817417144775
49,5,8.31088066101074,20.6873321533203
49,5,8.31088066101074,20.6873321533203
49,5,8.31088066101074,20.6873321533203
49,5,8.31088066101074,20.6873321533203
49,5,8.32175064086914,20.6953601837158
49,5,8.32175064086914,20.6953601837158
49,5,8.33423900604248,20.7040004730225
49,5,8.33423900604248,20.7040004730225
49,5,8.34245872497559,20.7101306915283
49,5,8.34245872497559,20.7101306915283
49,5,8.35108280181885,20.7160568237305
49,5,8.35108280181885,20.7160568237305
49,5,8.35108280181885,20.7160568237305
49,5,8.35108280181885,20.7160568237305
49,5,8.36182689666748,20.7242202758789
49,5,8.36182689666748,20.7242202758789
49,5,8.36182689666748,20.7242202758789
49,5,8.37611961364746,20.7346286773682
49,5,8.37611961364746,20.7346286773682
49,5,8.37611961364746,20.7346286773682
49,5,8.38761234283447,20.7434253692627
49,5,8.38761234283447,20.7434253692627
49,5,8.39963340759277,20.7520542144775
49,5,8.39963340759277,20.7520542144775
49,5,8.40752410888672,20.7581806182861
49,5,8.40752410888672,20.7581806182861
49,5,8.41557121276856,20.7637748718262
49,5,8.41557121276856,20.7637748718262
49,5,8.42322254180908,20.7694759368896
49,5,8.42322254180908,20.7694759368896
49,5,8.42322254180908,20.7694759368896
49,5,8.43178462982178,20.7751712799072
49,5,8.43178462982178,20.7751712799072
49,5,8.43178462982178,20.7751712799072
49,5,8.44246006011963,20.7831325531006
49,5,8.44246006011963,20.7831325531006
49,5,8.45350551605225,20.7908954620361
49,5,8.45350551605225,20.7908954620361
50,5,8.46087455749512,20.796501159668
50,5,8.46087455749512,20.796501159668
50,5,8.46844005584717,20.8016948699951
50,5,8.46844005584717,20.8016948699951
50,5,8.47605419158936,20.8073883056641
50,5,8.47605419158936,20.8073883056641
50,5,8.47605419158936,20.8073883056641
50,5,8.48407745361328,20.8127937316895
50,5,8.48407745361328,20.8127937316895
50,5,8.48407745361328,20.8127937316895
50,5,8.49436664581299,20.82053565979
50,5,8.49436664581299,20.82053565979
50,5,8.50639057159424,20.8287448883057
50,5,8.50639057159424,20.8287448883057
50,5,8.51439762115479,20.8344841003418
50,5,8.51439762115479,20.8344841003418
50,5,8.52283668518066,20.8399124145508
50,5,8.52283668518066,20.8399124145508
57,4,9.98705005645752,19.0677146911621
57,4,9.98705005645752,19.0677146911621
57,4,9.98705005645752,19.0677146911621
57,4,9.99381542205811,19.0807399749756
57,4,9.99381542205811,19.0807399749756
57,4,9.99381542205811,19.0807399749756
57,4,10.0009660720825,19.0936889648437
57,4,10.0009660720825,19.0936889648437
57,4,10.0009660720825,19.0936889648437
57,4,10.0009660720825,19.0936889648437
57,4,10.0084943771362,19.1075019836426
57,4,10.0084943771362,19.1075019836426
57,4,10.0165691375732,19.1219577789307
57,4,10.0165691375732,19.1219577789307
57,4,10.0165691375732,19.1219577789307
57,4,10.0225620269775,19.1331825256348
57,4,10.0225620269775,19.1331825256348
57,4,10.0225620269775,19.1331825256348
57,4,10.0291891098022,19.1455211639404
57,4,10.0291891098022,19.1455211639404
57,4,10.0338430404663,19.1544952392578
57,4,10.0383243560791,19.1632442474365
57,4,10.0383243560791,19.1632442474365
57,4,10.0383243560791,19.1632442474365
57,4,10.0429706573486,19.172399520874
57,4,10.0429706573486,19.172399520874
57,4,10.0429706573486,19.172399520874
57,4,10.0429706573486,19.172399520874
57,4,10.0490550994873,19.1843910217285
57,4,10.0490550994873,19.1843910217285
57,4,10.0558338165283,19.1975994110107
57,4,10.0558338165283,19.1975994110107
57,4,10.0603408813477,19.2065238952637
57,4,10.0603408813477,19.2065238952637
57,4,10.0603408813477,19.2065238952637
57,4,10.0603408813477,19.2065238952637
57,4,10.0654926300049,19.2169532775879
57,4,10.0654926300049,19.2169532775879
57,4,10.0727224349976,19.2315406799316
57,4,10.0727224349976,19.2315406799316
57,4,10.0727224349976,19.2315406799316
57,4,10.0727224349976,19.2315406799316
57,4,10.0784692764282,19.2434406280518
57,4,10.0784692764282,19.2434406280518
57,4,10.0846462249756,19.2562141418457
57,4,10.0846462249756,19.2562141418457
57,4,10.0888586044312,19.2651538848877
57,4,10.0888586044312,19.2651538848877
57,4,10.0929727554321,19.2738857269287
57,4,10.0929727554321,19.2738857269287
57,4,10.0971736907959,19.282865524292
57,4,10.0971736907959,19.282865524292
57,4,10.0971736907959,19.282865524292
57,4,10.1017246246338,19.29296875
57,4,10.1017246246338,19.29296875
57,4,10.1017246246338,19.29296875
57,4,10.1077079772949,19.3060760498047
57,4,10.1077079772949,19.3060760498047
57,4,10.1138296127319,19.319299697876
57,4,10.1138296127319,19.319299697876
57,4,10.1180324554443,19.328498840332
57,4,10.1180324554443,19.328498840332
57,4,10.1222438812256,19.3377113342285
57,4,10.1222438812256,19.3377113342285
57,4,10.1264848709106,19.3466682434082
57,4,10.1264848709106,19.3466682434082
57,4,10.1309928894043,19.356107711792
57,4,10.1309928894043,19.356107711792
57,4,10.1309928894043,19.356107711792
57,4,10.1309928894043,19.356107711792
57,4,10.1368389129639,19.3683376312256
57,4,10.1368389129639,19.3683376312256
57,4,10.1431083679199,19.3815898895264
57,4,10.1431083679199,19.3815898895264
60,4,10.5867519378662,20.2821197509766
60,4,10.5867519378662,20.2821197509766
60,4,10.5867519378662,20.2821197509766
60,4,10.5932950973511,20.294319152832
60,4,10.5932950973511,20.294319152832
60,4,10.6006116867065,20.3077793121338
60,4,10.6006116867065,20.3077793121338
60,4,10.6052160263062,20.3165664672852
60,4,10.6052160263062,20.3165664672852
60,4,10.6097106933594,20.3253059387207
60,4,10.6097106933594,20.3253059387207
60,4,10.6143274307251,20.3343753814697
60,4,10.6143274307251,20.3343753814697
60,4,10.6143274307251,20.3343753814697
60,4,10.6191215515137,20.3438510894775
60,4,10.6191215515137,20.3438510894775
60,4,10.6191215515137,20.3438510894775
60,4,10.6251497268677,20.3557910919189
60,4,10.6251497268677,20.3557910919189
60,4,10.6317052841187,20.3686027526855
60,4,10.6317052841187,20.3686027526855
87,4,9.32169723510742,21.0618934631348
87,4,9.32169723510742,21.0618934631348
87,4,9.3219633102417,21.051570892334
87,4,9.3219633102417,21.051570892334
87,4,9.3219633102417,21.051570892334
87,4,9.3219633102417,21.051570892334
87,4,9.3225212097168,21.0392608642578
87,4,9.3225212097168,21.0392608642578
87,4,9.3225212097168,21.0392608642578
87,4,9.32309055328369,21.0212459564209
87,4,9.32309055328369,21.0212459564209
87,4,9.32309055328369,21.0212459564209
87,4,9.32387828826904,21.0065307617187
87,5,8.10547065734863,21.2661266326904
87,4,9.32387828826904,21.0065307617187
87,5,8.10547065734863,21.2661266326904
88,5,8.11230850219727,21.2553825378418
88,4,9.3245849609375,20.9937992095947
88,4,9.3245849609375,20.9937992095947
88,5,8.11230850219727,21.2553825378418
88,5,8.11722946166992,21.2470417022705
88,5,8.11722946166992,21.2470417022705
88,5,8.11722946166992,21.2470417022705
88,5,8.11722946166992,21.2470417022705
88,5,8.12364864349365,21.2374610900879
88,5,8.12364864349365,21.2374610900879
88,5,8.12364864349365,21.2374610900879
88,5,8.12364864349365,21.2374610900879
88,5,8.13273906707764,21.2223606109619
88,5,8.13273906707764,21.2223606109619
88,5,8.14112758636475,21.2089157104492
88,5,8.14112758636475,21.2089157104492
88,5,8.14112758636475,21.2089157104492
88,5,8.14718341827393,21.198205947876
88,5,8.14718341827393,21.198205947876
88,5,8.14718341827393,21.198205947876
88,5,8.15495300292969,21.1851978302002
88,5,8.15495300292969,21.1851978302002
88,5,8.15495300292969,21.1851978302002
88,5,8.16202831268311,21.1714878082275
88,5,8.16202831268311,21.1714878082275
88,5,8.16202831268311,21.1714878082275
88,5,8.16202831268311,21.1714878082275
88,5,8.17010498046875,21.1574516296387
88,5,8.17010498046875,21.1574516296387
88,5,8.1781644821167,21.1420650482178
88,5,8.1781644821167,21.1420650482178
88,5,8.1781644821167,21.1420650482178
88,5,8.18480396270752,21.1308174133301
88,5,8.18480396270752,21.1308174133301
88,5,8.18480396270752,21.1308174133301
88,5,8.19166660308838,21.1181697845459
88,5,8.19166660308838,21.1181697845459
88,5,8.19166660308838,21.1181697845459
88,5,8.19925785064697,21.1057014465332
88,5,8.19925785064697,21.1057014465332
88,5,8.19925785064697,21.1057014465332
88,5,8.19925785064697,21.1057014465332
88,5,8.20686912536621,21.0921688079834
88,5,8.20686912536621,21.0921688079834
88,5,8.21505165100098,21.0784893035889
88,5,8.21505165100098,21.0784893035889
88,5,8.21505165100098,21.0784893035889
89,5,8.39989948272705,20.7834148406982
89,5,8.39989948272705,20.7834148406982
89,5,8.40714359283447,20.7703475952148
89,5,8.40714359283447,20.7703475952148
89,5,8.41251945495606,20.7618598937988
89,5,8.41251945495606,20.7618598937988
89,5,8.41746139526367,20.7530612945557
89,5,8.41746139526367,20.7530612945557
89,5,8.42275428771973,20.7449417114258
89,5,8.42275428771973,20.7449417114258
89,5,8.42787075042725,20.7360057830811
89,5,8.42787075042725,20.7360057830811
89,5,8.42787075042725,20.7360057830811
89,5,8.42787075042725,20.7360057830811
89,5,8.43532466888428,20.7249431610107
89,5,8.43532466888428,20.7249431610107
89,5,8.44276714324951,20.712459564209
89,5,8.44276714324951,20.712459564209
89,5,8.44276714324951,20.712459564209
89,5,8.44276714324951,20.712459564209
89,5,8.44998455047607,20.7020893096924
89,5,8.44998455047607,20.7020893096924
89,5,8.457763671875,20.6894760131836
89,5,8.457763671875,20.6894760131836
89,5,8.457763671875,20.6894760131836
89,5,8.46431446075439,20.6804580688477
89,5,8.46431446075439,20.6804580688477
89,5,8.46431446075439,20.6804580688477
89,5,8.47230339050293,20.6679420471191
89,5,8.47230339050293,20.6679420471191
89,5,8.47230339050293,20.6679420471191
89,4,9.40900135040283,20.3001480102539
89,5,8.47941875457764,20.6582183837891
89,4,9.40900135040283,20.3001480102539
89,5,8.47941875457764,20.6582183837891
89,4,9.40900135040283,20.3001480102539
89,5,8.47941875457764,20.6582183837891
89,4,9.4132719039917,20.2860260009766
89,5,8.48743438720703,20.6457138061523
89,4,9.4132719039917,20.2860260009766
89,5,8.48743438720703,20.6457138061523
89,4,9.4132719039917,20.2860260009766
89,5,8.48743438720703,20.6457138061523
89,4,9.41651344299316,20.2717113494873
89,5,8.49609470367432,20.633825302124
89,4,9.41651344299316,20.2717113494873
89,5,8.49609470367432,20.633825302124
89,4,9.41651344299316,20.2717113494873
89,5,8.49609470367432,20.633825302124
89,4,9.42140102386475,20.2570457458496
89,5,8.50449752807617,20.6207408905029
89,4,9.42140102386475,20.2570457458496
89,5,8.50449752807617,20.6207408905029
89,4,9.42140102386475,20.2570457458496
89,5,8.50449752807617,20.6207408905029
89,4,9.42580127716064,20.2410068511963
89,5,8.51431560516357,20.6072483062744
89,4,9.42580127716064,20.2410068511963
89,5,8.51431560516357,20.6072483062744
89,4,9.42580127716064,20.2410068511963
89,5,8.51431560516357,20.6072483062744
89,4,9.43013763427734,20.2290115356445
89,5,8.52119541168213,20.596435546875
89,4,9.43013763427734,20.2290115356445
89,5,8.52119541168213,20.596435546875
89,4,9.43013763427734,20.2290115356445
89,5,8.52119541168213,20.596435546875
89,4,9.43392372131348,20.2142391204834
89,5,8.53015232086182,20.584020614624
89,4,9.43392372131348,20.2142391204834
89,5,8.53015232086182,20.584020614624
89,4,9.43392372131348,20.2142391204834
89,5,8.53015232086182,20.584020614624
89,4,9.4390287399292,20.1999492645264
89,5,8.53845405578613,20.5712471008301
89,4,9.4390287399292,20.1999492645264
89,5,8.53845405578613,20.5712471008301
89,4,9.4390287399292,20.1999492645264
89,5,8.53845405578613,20.5712471008301
89,4,9.4390287399292,20.1999492645264
89,5,8.53845405578613,20.5712471008301
89,4,9.44269847869873,20.1845989227295
89,5,8.54765605926514,20.5583553314209
89,4,9.44269847869873,20.1845989227295
89,5,8.54765605926514,20.5583553314209
89,4,9.4474458694458,20.1694679260254
89,5,8.55624771118164,20.5449371337891
89,4,9.4474458694458,20.1694679260254
89,5,8.55624771118164,20.5449371337891
89,4,9.4474458694458,20.1694679260254
89,5,8.55624771118164,20.5449371337891
89,4,9.45005607604981,20.1577644348145
89,5,8.56336975097656,20.5352344512939
89,4,9.45005607604981,20.1577644348145
89,5,8.56336975097656,20.5352344512939
89,4,9.45005607604981,20.1577644348145
89,5,8.56336975097656,20.5352344512939
90,5,8.57080173492432,20.5236625671387
90,4,9.45457363128662,20.1448516845703
90,4,9.45457363128662,20.1448516845703
90,5,8.57080173492432,20.5236625671387
90,4,9.45457363128662,20.1448516845703
90,5,8.57080173492432,20.5236625671387
90,4,9.45767593383789,20.1319103240967
90,5,8.57873821258545,20.5128993988037
90,4,9.45767593383789,20.1319103240967
90,5,8.57873821258545,20.5128993988037
90,4,9.45767593383789,20.1319103240967
90,5,8.57873821258545,20.5128993988037
90,4,9.45767593383789,20.1319103240967
90,5,8.57873821258545,20.5128993988037
90,4,9.46251201629639,20.1186256408691
90,5,8.58628559112549,20.5008411407471
90,4,9.46251201629639,20.1186256408691
90,5,8.58628559112549,20.5008411407471
90,4,9.4664363861084,20.1039543151855
90,4,9.4664363861084,20.1039543151855
90,4,9.4664363861084,20.1039543151855
90,4,9.47051811218262,20.0929660797119
90,4,9.47051811218262,20.0929660797119
90,4,9.47051811218262,20.0929660797119
90,4,9.47381782531738,20.0789165496826
90,4,9.47381782531738,20.0789165496826
90,4,9.47381782531738,20.0789165496826
90,4,9.47827053070068,20.0650367736816
90,4,9.47827053070068,20.0650367736816
90,4,9.47827053070068,20.0650367736816
90,4,9.47827053070068,20.0650367736816
90,4,9.4809741973877,20.0497932434082
90,4,9.4809741973877,20.0497932434082
90,4,9.48504161834717,20.033863067627
90,4,9.48504161834717,20.033863067627
90,4,9.48504161834717,20.033863067627
90,4,9.48706436157227,20.0213184356689
90,4,9.48706436157227,20.0213184356689
90,4,9.49059963226318,20.0077228546143
90,4,9.49059963226318,20.0077228546143
90,4,9.49241256713867,19.9973907470703
90,4,9.49241256713867,19.9973907470703
90,4,9.49241256713867,19.9973907470703
90,4,9.49241256713867,19.9973907470703
90,4,9.49647521972656,19.985782623291
90,4,9.49647521972656,19.985782623291
90,4,9.49647521972656,19.985782623291
96,4,11.0580577850342,17.9288806915283
96,4,11.0580577850342,17.9288806915283
96,4,11.0704669952393,17.9194946289063
96,4,11.0704669952393,17.9194946289063
96,4,11.0704669952393,17.9194946289063
96,4,11.0801010131836,17.912805557251
96,4,11.0801010131836,17.912805557251
96,4,11.0801010131836,17.912805557251
96,4,11.0908489227295,17.9044170379639
96,4,11.0908489227295,17.9044170379639
96,4,11.0908489227295,17.9044170379639
96,4,11.0908489227295,17.9044170379639
96,4,11.1025333404541,17.8962326049805
96,4,11.1025333404541,17.8962326049805
96,4,11.1025333404541,17.8962326049805
96,4,11.1150360107422,17.8865566253662
96,4,11.1150360107422,17.8865566253662
96,4,11.1271076202393,17.8779296875
96,4,11.1271076202393,17.8779296875
96,4,11.1271076202393,17.8779296875
96,4,11.1367750167847,17.8703212738037
96,5,10.4916934967041,18.3782768249512
96,4,11.1367750167847,17.8703212738037
96,5,10.4916934967041,18.3782768249512
96,4,11.1367750167847,17.8703212738037
96,5,10.4916934967041,18.3782768249512
96,4,11.1487483978271,17.8618793487549
96,5,10.5032625198364,18.369291305542
96,4,11.1487483978271,17.8618793487549
96,5,10.5032625198364,18.369291305542
96,4,11.1487483978271,17.8618793487549
96,5,10.5032625198364,18.369291305542
96,4,11.1606826782227,17.8528118133545
96,5,10.5155258178711,18.3606128692627
96,4,11.1606826782227,17.8528118133545
96,5,10.5155258178711,18.3606128692627
96,4,11.1606826782227,17.8528118133545
96,5,10.5155258178711,18.3606128692627
96,4,11.1606826782227,17.8528118133545
96,5,10.5155258178711,18.3606128692627
96,4,11.17360496521,17.8437366485596
96,5,10.5279741287231,18.3509006500244
96,4,11.17360496521,17.8437366485596
96,5,10.5279741287231,18.3509006500244
96,4,11.1867933273315,17.8337593078613
96,5,10.5413093566895,18.3410816192627
96,4,11.1867933273315,17.8337593078613
96,5,10.5413093566895,18.3410816192627
96,4,11.1867933273315,17.8337593078613
96,5,10.5413093566895,18.3410816192627
96,4,11.1968717575073,17.8267669677734
96,5,10.5509176254272,18.3334579467773
96,4,11.1968717575073,17.8267669677734
96,5,10.5509176254272,18.3334579467773
96,4,11.1968717575073,17.8267669677734
96,5,10.5509176254272,18.3334579467773
96,4,11.2079744338989,17.8180160522461
96,5,10.5621757507324,18.3248901367188
96,4,11.2079744338989,17.8180160522461
96,5,10.5621757507324,18.3248901367188
96,4,11.2079744338989,17.8180160522461
96,5,10.5621757507324,18.3248901367188
96,4,11.2185678482056,17.8105335235596
96,5,10.5721473693848,18.3165721893311
96,4,11.2185678482056,17.8105335235596
96,5,10.5721473693848,18.3165721893311
96,4,11.2185678482056,17.8105335235596
96,5,10.5721473693848,18.3165721893311
96,4,11.2323122024536,17.7998313903809
96,5,10.5859746932983,18.3059520721436
97,4,11.2323122024536,17.7998313903809
97,5,10.5859746932983,18.3059520721436
97,4,11.2323122024536,17.7998313903809
97,5,10.5859746932983,18.3059520721436
97,4,11.2433977127075,17.7920436859131
97,5,10.5965099334717,18.2974243164063
97,4,11.2433977127075,17.7920436859131
97,5,10.5965099334717,18.2974243164063
97,4,11.2433977127075,17.7920436859131
97,5,10.5965099334717,18.2974243164063
97,5,10.6075353622437,18.2890911102295
97,5,10.6075353622437,18.2890911102295
97,5,10.6075353622437,18.2890911102295
97,5,10.6167621612549,18.2814235687256
97,5,10.6167621612549,18.2814235687256
97,5,10.6167621612549,18.2814235687256
97,5,10.6288414001465,18.2721080780029
97,5,10.6288414001465,18.2721080780029
97,5,10.6288414001465,18.2721080780029
97,5,10.6288414001465,18.2721080780029
97,5,10.6387748718262,18.2636299133301
97,5,10.6387748718262,18.2636299133301
97,5,10.6387748718262,18.2636299133301
97,5,10.654839515686,18.2505989074707
97,5,10.654839515686,18.2505989074707
97,5,10.654839515686,18.2505989074707
97,5,10.6664762496948,18.2400779724121
97,5,10.6664762496948,18.2400779724121
97,5,10.6664762496948,18.2400779724121
97,5,10.6766214370728,18.2316932678223
97,5,10.6766214370728,18.2316932678223
97,5,10.6766214370728,18.2316932678223
100,5,11.9694442749023,17.5640068054199
100,5,11.9694442749023,17.5640068054199
100,5,11.9694442749023,17.5640068054199
100,5,11.985068321228,17.5578536987305
100,5,11.985068321228,17.5578536987305
100,5,11.985068321228,17.5578536987305
100,5,11.985068321228,17.5578536987305
100,5,11.9996995925903,17.5525817871094
100,5,11.9996995925903,17.5525817871094
100,5,11.9996995925903,17.5525817871094
100,5,12.0184669494629,17.545539855957
100,5,12.0184669494629,17.545539855957
100,5,12.0184669494629,17.545539855957
100,1,20.124885559082,16.1506214141846
100,5,12.0330629348755,17.540563583374
100,1,20.124885559082,16.1506214141846
100,5,12.0330629348755,17.540563583374
100,1,20.124885559082,16.1506214141846
100,5,12.0330629348755,17.540563583374
100,1,20.1181545257568,16.1505336761475
100,5,12.0474653244019,17.5352973937988
100,1,20.1181545257568,16.1505336761475
100,5,12.0474653244019,17.5352973937988
100,1,20.1181545257568,16.1505336761475
100,5,12.0474653244019,17.5352973937988
100,1,20.1181545257568,16.1505336761475
100,5,12.0474653244019,17.5352973937988
100,1,20.1114768981934,16.1504459381104
100,5,12.062463760376,17.5300903320313
100,1,20.1114768981934,16.1504459381104
100,5,12.062463760376,17.5300903320313
100,1,20.1032943725586,16.1503391265869
100,5,12.0781402587891,17.524507522583
100,1,20.1032943725586,16.1503391265869
100,5,12.0781402587891,17.524507522583
100,1,20.1032943725586,16.1503391265869
100,5,12.0781402587891,17.524507522583
100,5,12.0894403457642,17.5205459594727
100,1,20.0981006622314,16.1502704620361
100,1,20.0981006622314,16.1502704620361
100,5,12.0894403457642,17.5205459594727
100,1,20.0981006622314,16.1502704620361
100,5,12.0894403457642,17.5205459594727
100,1,20.0913257598877,16.1501808166504
100,4,12.7823181152344,17.0890026092529
100,5,12.1027612686157,17.5154514312744
100,1,20.0913257598877,16.1501808166504
100,4,12.7823181152344,17.0890026092529
100,5,12.1027612686157,17.5154514312744
100,1,20.0913257598877,16.1501808166504
100,4,12.7823181152344,17.0890026092529
100,5,12.1027612686157,17.5154514312744
100,1,20.0846385955811,16.1500930786133
100,4,12.7955808639526,17.084981918335
100,5,12.1158170700073,17.5108089447021
100,1,20.0846385955811,16.1500930786133
100,4,12.7955808639526,17.084981918335
100,5,12.1158170700073,17.5108089447021
100,1,20.0846385955811,16.1500930786133
100,4,12.7955808639526,17.084981918335
100,5,12.1158170700073,17.5108089447021
101,1,20.0846385955811,16.1500930786133
101,4,12.7955808639526,17.084981918335
101,5,12.1158170700073,17.5108089447021
101,1,20.0780067443848,16.1500053405762
101,4,12.809458732605,17.0812568664551
101,5,12.1292753219604,17.5057735443115
101,1,20.0780067443848,16.1500053405762
101,5,12.1292753219604,17.5057735443115
101,4,12.809458732605,17.0812568664551
101,1,20.0699119567871,16.1498985290527
101,4,12.8240852355957,17.0770626068115
101,5,12.143630027771,17.5007247924805
101,1,20.0699119567871,16.1498985290527
101,4,12.8240852355957,17.0770626068115
101,5,12.143630027771,17.5007247924805
101,1,20.0699119567871,16.1498985290527
101,4,12.8240852355957,17.0770626068115
101,5,12.143630027771,17.5007247924805
101,1,20.0645942687988,16.1498279571533
101,4,12.8353614807129,17.0740547180176
101,5,12.154541015625,17.4965744018555
101,1,20.0645942687988,16.1498279571533
101,4,12.8353614807129,17.0740547180176
101,5,12.154541015625,17.4965744018555
101,1,20.0645942687988,16.1498279571533
101,4,12.8353614807129,17.0740547180176
101,5,12.154541015625,17.4965744018555
101,1,20.05784034729,16.1497402191162
101,5,12.1677665710449,17.491907119751
101,4,12.8488187789917,17.0701026916504
101,1,20.05784034729,16.1497402191162
101,4,12.8488187789917,17.0701026916504
101,5,12.1677665710449,17.491907119751
101,1,20.05784034729,16.1497402191162
101,4,12.8488187789917,17.0701026916504
101,5,12.1677665710449,17.491907119751
101,4,12.8624877929688,17.0663375854492
101,5,12.1810140609741,17.4868431091309
101,1,20.0511569976807,16.1496524810791
101,1,20.0511569976807,16.1496524810791
101,4,12.8624877929688,17.0663375854492
101,5,12.1810140609741,17.4868431091309
101,1,20.0511569976807,16.1496524810791
101,4,12.8624877929688,17.0663375854492
101,5,12.1810140609741,17.4868431091309
101,1,20.0511569976807,16.1496524810791
101,4,12.8624877929688,17.0663375854492
101,5,12.1810140609741,17.4868431091309
101,1,20.04443359375,16.149564743042
101,4,12.8770112991333,17.0617942810059
101,5,12.1952838897705,17.4815807342529
101,1,20.04443359375,16.149564743042
101,4,12.8770112991333,17.0617942810059
101,5,12.1952838897705,17.4815807342529
101,4,12.892876625061,17.056812286377
101,1,20.0364665985107,16.1494598388672
101,5,12.2106857299805,17.4752731323242
101,1,20.0364665985107,16.1494598388672
101,4,12.892876625061,17.056812286377
101,5,12.2106857299805,17.4752731323242
101,1,20.0364665985107,16.1494598388672
101,4,12.892876625061,17.056812286377
101,5,12.2106857299805,17.4752731323242
101,1,20.0309677124023,16.1493873596191
101,4,12.9051351547241,17.0523014068604
101,5,12.2226982116699,17.4702091217041
101,1,20.0309677124023,16.1493873596191
101,4,12.9051351547241,17.0523014068604
101,5,12.2226982116699,17.4702091217041
101,1,20.0309677124023,16.1493873596191
101,4,12.9051351547241,17.0523014068604
101,5,12.2226982116699,17.4702091217041
101,1,20.0309677124023,16.1493873596191
101,4,12.9051351547241,17.0523014068604
101,5,12.2226982116699,17.4702091217041
101,1,20.0243740081787,16.1493015289307
101,5,12.2368078231812,17.4639663696289
101,4,12.9197387695313,17.047420501709
101,4,12.9197387695313,17.047420501709
101,1,20.0243740081787,16.1493015289307
101,5,12.2368078231812,17.4639663696289
101,1,20.0167236328125,16.1492004394531
101,4,12.9349527359009,17.04176902771
101,5,12.2516393661499,17.4574432373047
101,1,20.0167236328125,16.1492004394531
101,4,12.9349527359009,17.04176902771
101,5,12.2516393661499,17.4574432373047
101,1,20.0167236328125,16.1492004394531
101,4,12.9349527359009,17.04176902771
101,5,12.2516393661499,17.4574432373047
101,1,20.0167236328125,16.1492004394531
101,4,12.9349527359009,17.04176902771
101,5,12.2516393661499,17.4574432373047
101,4,12.948221206665,17.0374908447266
101,1,20.0109157562256,16.1491241455078
101,5,12.2644243240356,17.451810836792
101,1,20.0109157562256,16.1491241455078
101,4,12.948221206665,17.0374908447266
101,5,12.2644243240356,17.451810836792
101,1,20.0029640197754,16.149019241333
101,4,12.9635314941406,17.0321292877197
101,5,12.2793369293213,17.4454822540283
101,1,20.0029640197754,16.149019241333
101,4,12.9635314941406,17.0321292877197
101,5,12.2793369293213,17.4454822540283
101,1,20.0029640197754,16.149019241333
101,4,12.9635314941406,17.0321292877197
101,5,12.2793369293213,17.4454822540283
101,1,19.997537612915,16.1489486694336
101,4,12.9754304885864,17.0284938812256
101,5,12.2908039093018,17.4406032562256
101,1,19.997537612915,16.1489486694336
101,4,12.9754304885864,17.0284938812256
101,5,12.2908039093018,17.4406032562256
101,1,19.997537612915,16.1489486694336
101,4,12.9754304885864,17.0284938812256
101,5,12.2908039093018,17.4406032562256
101,1,19.9907932281494,16.1488609313965
101,4,12.9892444610596,17.0239524841309
101,5,12.3043231964111,17.4352912902832
101,1,19.9907932281494,16.1488609313965
101,4,12.9892444610596,17.0239524841309
101,5,12.3043231964111,17.4352912902832
101,1,19.9907932281494,16.1488609313965
101,4,12.9892444610596,17.0239524841309
101,5,12.3043231964111,17.4352912902832
101,4,13.0030288696289,17.0197696685791
101,5,12.3176374435425,17.429744720459
101,1,19.984001159668,16.1487712860107
101,4,13.0030288696289,17.0197696685791
101,1,19.984001159668,16.1487712860107
101,5,12.3176374435425,17.429744720459
101,1,19.984001159668,16.1487712860107
101,4,13.0030288696289,17.0197696685791
101,5,12.3176374435425,17.429744720459
101,1,19.9772567749023,16.1486835479736
101,5,12.3304805755615,17.424711227417
101,4,13.0161533355713,17.015474319458
101,1,19.9772567749023,16.1486835479736
101,4,13.0161533355713,17.015474319458
101,5,12.3304805755615,17.424711227417
101,1,19.9772567749023,16.1486835479736
101,4,13.0161533355713,17.015474319458
101,5,12.3304805755615,17.424711227417
101,1,19.971212387085,16.1486034393311
101,4,13.028736114502,17.0117835998535
101,5,12.3426160812378,17.4197044372559
101,1,19.971212387085,16.1486034393311
101,4,13.028736114502,17.0117835998535
101,5,12.3426160812378,17.4197044372559
101,1,19.971212387085,16.1486034393311
101,4,13.028736114502,17.0117835998535
101,5,12.3426160812378,17.4197044372559
101,1,19.963960647583,16.1485080718994
101,4,13.0416679382324,17.0076904296875
101,5,12.3552465438843,17.4147891998291
101,1,19.963960647583,16.1485080718994
101,4,13.0416679382324,17.0076904296875
101,5,12.3552465438843,17.4147891998291
101,1,19.9591979980469,16.1484451293945
101,4,13.051064491272,17.0050239562988
101,5,12.3643140792847,17.4111385345459
101,1,19.9591979980469,16.1484451293945
101,4,13.051064491272,17.0050239562988
101,5,12.3643140792847,17.4111385345459
101,1,19.9591979980469,16.1484451293945
101,4,13.051064491272,17.0050239562988
101,5,12.3643140792847,17.4111385345459
101,1,19.9591979980469,16.1484451293945
101,4,13.051064491272,17.0050239562988
101,5,12.3643140792847,17.4111385345459
101,1,19.9544200897217,16.1483821868896
101,4,13.0623407363892,17.0014839172363
101,5,12.3754405975342,17.4071750640869
101,1,19.9544200897217,16.1483821868896
101,4,13.0623407363892,17.0014839172363
101,5,12.3754405975342,17.4071750640869
101,1,19.9460620880127,16.1482734680176
101,4,13.0787525177002,16.9968128204346
101,5,12.3913736343384,17.4010429382324
101,1,19.9460620880127,16.1482734680176
101,4,13.0787525177002,16.9968128204346
101,5,12.3913736343384,17.4010429382324
101,1,19.9460620880127,16.1482734680176
101,4,13.0787525177002,16.9968128204346
101,5,12.3913736343384,17.4010429382324
101,1,19.9460620880127,16.1482734680176
101,4,13.0787525177002,16.9968128204346
101,5,12.3913736343384,17.4010429382324
101,1,19.9395980834961,16.1481895446777
101,4,13.0925922393799,16.9926795959473
101,1,19.9395980834961,16.1481895446777
101,4,13.0925922393799,16.9926795959473
101,4,13.1064949035645,16.9888572692871
101,4,13.1064949035645,16.9888572692871
101,4,13.1064949035645,16.9888572692871
101,4,13.1064949035645,16.9888572692871
101,4,13.1191778182983,16.9851322174072
101,4,13.1191778182983,16.9851322174072
101,4,13.1360177993774,16.9806613922119
101,4,13.1360177993774,16.9806613922119
101,4,13.1360177993774,16.9806613922119
101,4,13.1360177993774,16.9806613922119
101,4,13.1492557525635,16.9766407012939
101,4,13.1492557525635,16.9766407012939
101,4,13.1492557525635,16.9766407012939
101,4,13.1492557525635,16.9766407012939
101,4,13.1698722839355,16.9710578918457
101,4,13.1698722839355,16.9710578918457
105,4,14.5564165115356,16.6910705566406
105,4,14.5564165115356,16.6910705566406
105,4,14.5564165115356,16.6910705566406
105,4,14.5705413818359,16.6892261505127
105,4,14.5705413818359,16.6892261505127
105,4,14.5705413818359,16.6892261505127
105,4,14.5849618911743,16.6870918273926
105,4,14.5849618911743,16.6870918273926
105,4,14.5849618911743,16.6870918273926
105,4,14.5849618911743,16.6870918273926
105,4,14.6003093719482,16.6844062805176
105,4,14.6003093719482,16.6844062805176
105,4,14.6167526245117,16.6814079284668
105,4,14.6167526245117,16.6814079284668
105,4,14.6167526245117,16.6814079284668
105,4,14.6290588378906,16.6792621612549
105,4,14.6290588378906,16.6792621612549
105,4,14.6427755355835,16.6768932342529
105,5,13.9319353103638,16.9754219055176
105,4,14.6427755355835,16.6768932342529
105,5,13.9319353103638,16.9754219055176
105,4,14.6529769897461,16.6752223968506
105,5,13.9419622421265,16.9729042053223
105,4,14.6529769897461,16.6752223968506
105,5,13.9419622421265,16.9729042053223
105,4,14.6633949279785,16.6736030578613
105,5,13.9522094726563,16.9704208374023
105,4,14.6633949279785,16.6736030578613
105,5,13.9522094726563,16.9704208374023
105,4,14.6633949279785,16.6736030578613
105,5,13.9522094726563,16.9704208374023
105,4,14.6741323471069,16.6720542907715
105,5,13.962779045105,16.9679756164551
105,4,14.6741323471069,16.6720542907715
105,5,13.962779045105,16.9679756164551
105,4,14.6741323471069,16.6720542907715
105,5,13.962779045105,16.9679756164551
105,4,14.6878089904785,16.6701030731201
105,5,13.9762449264526,16.9648857116699
105,4,14.6878089904785,16.6701030731201
105,5,13.9762449264526,16.9648857116699
105,4,14.7014818191528,16.6680736541748
105,5,13.9897031784058,16.9617252349854
105,4,14.7014818191528,16.6680736541748
105,5,13.9897031784058,16.9617252349854
105,4,14.7113265991211,16.6666736602783
105,5,13.999397277832,16.9595050811768
105,4,14.7113265991211,16.6666736602783
105,5,13.999397277832,16.9595050811768
105,4,14.7113265991211,16.6666736602783
105,5,13.999397277832,16.9595050811768
105,4,14.721230506897,16.6652755737305
105,5,14.0091505050659,16.9572830200195
105,4,14.721230506897,16.6652755737305
105,5,14.0091505050659,16.9572830200195
105,4,14.7306671142578,16.6639804840088
105,5,14.0184459686279,16.9552001953125
105,4,14.7306671142578,16.6639804840088
105,5,14.0184459686279,16.9552001953125
105,4,14.7306671142578,16.6639804840088
105,5,14.0184459686279,16.9552001953125
105,4,14.7306671142578,16.6639804840088
105,5,14.0184459686279,16.9552001953125
105,4,14.7425451278687,16.6624889373779
105,5,14.0301561355591,16.9527072906494
105,4,14.7425451278687,16.6624889373779
105,5,14.0301561355591,16.9527072906494
105,4,14.7425451278687,16.6624889373779
105,5,14.0301561355591,16.9527072906494
105,4,14.7610244750977,16.6601142883301
105,5,14.0483722686768,16.9487972259521
105,4,14.7610244750977,16.6601142883301
105,5,14.0483722686768,16.9487972259521
105,4,14.7755708694458,16.6583137512207
105,5,14.0627183914185,16.9457893371582
105,4,14.7755708694458,16.6583137512207
105,5,14.0627183914185,16.9457893371582
105,4,14.7855167388916,16.6571559906006
105,5,14.0725326538086,16.9438018798828
105,4,14.7855167388916,16.6571559906006
105,5,14.0725326538086,16.9438018798828
105,4,14.7855167388916,16.6571559906006
105,5,14.0725326538086,16.9438018798828
105,5,14.0820198059082,16.9419460296631
105,5,14.0820198059082,16.9419460296631
105,5,14.0930814743042,16.9397659301758
105,5,14.0930814743042,16.9397659301758
105,5,14.0930814743042,16.9397659301758
105,5,14.1068878173828,16.9372215270996
105,5,14.1068878173828,16.9372215270996
105,5,14.120885848999,16.9346523284912
105,5,14.120885848999,16.9346523284912
105,5,14.120885848999,16.9346523284912
105,5,14.1314191818237,16.9326591491699
105,5,14.1314191818237,16.9326591491699
105,5,14.1314191818237,16.9326591491699
105,5,14.1444292068481,16.9302043914795
105,5,14.1444292068481,16.9302043914795
105,5,14.1444292068481,16.9302043914795
105,5,14.1610641479492,16.9270973205566
105,5,14.1610641479492,16.9270973205566
105,5,14.1610641479492,16.9270973205566
105,5,14.1746501922607,16.9243698120117
105,5,14.1746501922607,16.9243698120117
105,5,14.1746501922607,16.9243698120117
112,5,16.4529056549072,15.5453701019287
112,5,16.4529056549072,15.5453701019287
112,5,16.4529056549072,15.5453701019287
112,5,16.4627857208252,15.5341739654541
112,5,16.4627857208252,15.5341739654541
112,5,16.4695434570313,15.5267305374146
112,5,16.4695434570313,15.5267305374146
112,5,16.4761619567871,15.5194940567017
112,5,16.4761619567871,15.5194940567017
112,5,16.482837677002,15.512186050415
112,5,16.482837677002,15.512186050415
112,5,16.4896602630615,15.5047807693481
112,5,16.4896602630615,15.5047807693481
112,5,16.4896602630615,15.5047807693481
112,5,16.4896602630615,15.5047807693481
112,5,16.4982662200928,15.4954490661621
112,5,16.4982662200928,15.4954490661621
112,5,16.5071182250977,15.4857912063599
112,5,16.5071182250977,15.4857912063599
112,4,17.0089912414551,14.9011764526367
112,5,16.5133609771729,15.4790945053101
112,4,17.0089912414551,14.9011764526367
112,5,16.5133609771729,15.4790945053101
112,4,17.0154552459717,14.8946342468262
112,5,16.5196628570557,15.4723949432373
112,4,17.0154552459717,14.8946342468262
112,5,16.5196628570557,15.4723949432373
112,5,16.5264797210693,15.4652118682861
112,4,17.0224456787109,14.887619972229
112,4,17.0224456787109,14.887619972229
112,5,16.5264797210693,15.4652118682861
112,4,17.0302734375,14.8798379898071
112,5,16.5341148376465,15.457239151001
112,4,17.0302734375,14.8798379898071
112,5,16.5341148376465,15.457239151001
112,4,17.0302734375,14.8798379898071
112,5,16.5341148376465,15.457239151001
112,4,17.0302734375,14.8798379898071
112,5,16.5341148376465,15.457239151001
112,4,17.0402927398682,14.8698921203613
112,5,16.5438861846924,15.4470500946045
112,4,17.0402927398682,14.8698921203613
112,5,16.5438861846924,15.4470500946045
112,4,17.0511569976807,14.8592195510864
112,5,16.5544929504395,15.4361209869385
112,4,17.0511569976807,14.8592195510864
112,5,16.5544929504395,15.4361209869385
112,4,17.0584812164307,14.8520412445068
112,5,16.5616397857666,15.4287662506104
112,4,17.0584812164307,14.8520412445068
112,5,16.5616397857666,15.4287662506104
112,4,17.0657501220703,14.8450899124146
112,5,16.5687370300293,15.4216394424438
112,4,17.0657501220703,14.8450899124146
112,5,16.5687370300293,15.4216394424438
112,5,16.5759239196777,15.4145097732544
112,4,17.0731105804443,14.838137626648
112,4,17.0731105804443,14.838137626648
112,5,16.5759239196777,15.4145097732544
112,4,17.0731105804443,14.838137626648
112,5,16.5759239196777,15.4145097732544
112,4,17.0813827514648,14.8302192687988
112,5,16.5839958190918,15.4063882827759
112,4,17.0813827514648,14.8302192687988
112,5,16.5839958190918,15.4063882827759
112,4,17.0813827514648,14.8302192687988
112,5,16.5839958190918,15.4063882827759
112,4,17.0921287536621,14.8198556900024
112,5,16.5944843292236,15.3957662582397
112,4,17.0921287536621,14.8198556900024
112,5,16.5944843292236,15.3957662582397
112,4,17.1020088195801,14.8104419708252
112,5,16.6041355133057,15.3861179351807
112,4,17.1020088195801,14.8104419708252
112,5,16.6041355133057,15.3861179351807
112,4,17.1092014312744,14.8034915924072
112,5,16.611156463623,15.3789930343628
112,4,17.1092014312744,14.8034915924072
112,5,16.611156463623,15.3789930343628
112,4,17.1160144805908,14.7967872619629
112,5,16.617805480957,15.3721237182617
112,4,17.1160144805908,14.7967872619629
112,5,16.617805480957,15.3721237182617
112,4,17.12255859375,14.7903127670288
112,5,16.6241893768311,15.3654899597168
112,4,17.12255859375,14.7903127670288
112,5,16.6241893768311,15.3654899597168
112,4,17.1297378540039,14.7832670211792
112,5,16.6311893463135,15.3582677841187
112,4,17.1297378540039,14.7832670211792
112,5,16.6311893463135,15.3582677841187
112,4,17.1297378540039,14.7832670211792
112,5,16.6311893463135,15.3582677841187
112,4,17.1297378540039,14.7832670211792
112,5,16.6311893463135,15.3582677841187
112,4,17.1389198303223,14.774341583252
112,5,16.6401462554932,15.3491153717041
113,4,17.1389198303223,14.774341583252
113,5,16.6401462554932,15.3491153717041
113,4,17.1490592956543,14.7645444869995
113,4,17.1490592956543,14.7645444869995
113,4,17.1558475494385,14.7579898834229
113,4,17.1558475494385,14.7579898834229
113,4,17.1624126434326,14.7516078948975
113,4,17.1624126434326,14.7516078948975
113,4,17.169095993042,14.7451210021973
113,4,17.169095993042,14.7451210021973
113,4,17.169095993042,14.7451210021973
113,4,17.1763095855713,14.7381258010864
113,4,17.1763095855713,14.7381258010864
113,4,17.1763095855713,14.7381258010864
113,4,17.1856708526611,14.7289390563965
113,4,17.1856708526611,14.7289390563965
113,4,17.1959972381592,14.7184591293335
113,4,17.1959972381592,14.7184591293335
113,4,17.2030467987061,14.7112140655518
113,4,17.2030467987061,14.7112140655518
113,4,17.2099170684814,14.7037658691406
113,4,17.2099170684814,14.7037658691406
113,4,17.2166023254395,14.6963424682617
113,4,17.2166023254395,14.6963424682617
113,4,17.2166023254395,14.6963424682617
113,4,17.2239513397217,14.6884050369263
113,4,17.2239513397217,14.6884050369263
113,4,17.2239513397217,14.6884050369263
113,4,17.2335548400879,14.6777839660645
113,4,17.2335548400879,14.6777839660645
113,4,17.2434864044189,14.666729927063
113,4,17.2434864044189,14.666729927063
113,4,17.2502250671387,14.6594200134277
113,4,17.2502250671387,14.6594200134277
113,4,17.2569217681885,14.6522216796875
113,4,17.2569217681885,14.6522216796875
113,4,17.2635154724121,14.6452770233154
113,4,17.2635154724121,14.6452770233154
113,4,17.2635154724121,14.6452770233154
113,4,17.2707195281982,14.6378202438354
113,4,17.2707195281982,14.6378202438354
113,4,17.2707195281982,14.6378202438354
113,4,17.386287689209,14.5226697921753
113,4,17.386287689209,14.5226697921753
113,4,17.3937702178955,14.5154762268066
113,4,17.3937702178955,14.5154762268066
113,4,17.4009037017822,14.5086650848389
113,4,17.4009037017822,14.5086650848389
113,4,17.4083023071289,14.5016689300537
113,4,17.4083023071289,14.5016689300537
113,4,17.4083023071289,14.5016689300537
113,4,17.4161033630371,14.4941215515137
113,4,17.4161033630371,14.4941215515137
113,4,17.4161033630371,14.4941215515137
113,4,17.4257946014404,14.4846334457397
113,4,17.4257946014404,14.4846334457397
113,4,17.4362754821777,14.4742679595947
113,4,17.4362754821777,14.4742679595947
113,4,17.4431629180908,14.4675807952881
113,4,17.4431629180908,14.4675807952881
113,4,17.4497413635254,14.4612665176392
114,4,17.4497413635254,14.4612665176392
114,4,17.4563961029053,14.4549036026001
114,4,17.4563961029053,14.4549036026001
114,4,17.4563961029053,14.4549036026001
114,4,17.4634914398193,14.4481267929077
114,4,17.4634914398193,14.4481267929077
114,4,17.4634914398193,14.4481267929077
114,4,17.4728202819824,14.4391422271729
114,4,17.4728202819824,14.4391422271729
114,4,17.4824447631836,14.4297933578491
114,5,16.9749431610107,14.9960136413574
114,4,17.4824447631836,14.4297933578491
114,5,16.9749431610107,14.9960136413574
114,4,17.4893436431885,14.4230337142944
114,5,16.9816665649414,14.9890775680542
114,4,17.4893436431885,14.4230337142944
114,5,16.9816665649414,14.9890775680542
114,4,17.4961376190186,14.4162721633911
114,5,16.9882831573486,14.9821424484253
114,4,17.4961376190186,14.4162721633911
114,5,16.9882831573486,14.9821424484253
114,4,17.5028629302979,14.4094772338867
114,5,16.9948329925537,14.9751749038696
114,4,17.5028629302979,14.4094772338867
114,5,16.9948329925537,14.9751749038696
114,4,17.5028629302979,14.4094772338867
114,5,16.9948329925537,14.9751749038696
114,4,17.510425567627,14.4017887115479
114,5,17.0021877288818,14.9672832489014
114,4,17.510425567627,14.4017887115479
114,5,17.0021877288818,14.9672832489014
114,4,17.510425567627,14.4017887115479
114,5,17.0021877288818,14.9672832489014
114,4,17.5204429626465,14.3907642364502
114,5,17.0119190216064,14.9560012817383
114,4,17.5204429626465,14.3907642364502
114,5,17.0119190216064,14.9560012817383
114,4,17.5295715332031,14.3806705474854
114,5,17.0207920074463,14.9456787109375
114,4,17.5295715332031,14.3806705474854
114,5,17.0207920074463,14.9456787109375
114,4,17.5363178253174,14.3731803894043
114,5,17.0273418426514,14.9380130767822
114,4,17.5363178253174,14.3731803894043
114,5,17.0273418426514,14.9380130767822
114,4,17.5431175231934,14.3656988143921
114,5,17.0339469909668,14.9303541183472
114,4,17.5431175231934,14.3656988143921
114,5,17.0339469909668,14.9303541183472
114,4,17.5498237609863,14.3584756851196
114,5,17.0404624938965,14.9229545593262
114,4,17.5498237609863,14.3584756851196
114,5,17.0404624938965,14.9229545593262
114,4,17.5498237609863,14.3584756851196
114,5,17.0404624938965,14.9229545593262
114,4,17.5571346282959,14.3506851196289
114,5,17.0475616455078,14.9149675369263
114,4,17.5571346282959,14.3506851196289
114,5,17.0475616455078,14.9149675369263
114,4,17.5571346282959,14.3506851196289
114,5,17.0475616455078,14.9149675369263
114,5,17.0567531585693,14.904803276062
114,4,17.5665950775146,14.3407764434814
114,4,17.5665950775146,14.3407764434814
114,5,17.0567531585693,14.904803276062
114,4,17.5770988464355,14.3297290802002
114,5,17.0669765472412,14.8934917449951
114,4,17.5770988464355,14.3297290802002
114,5,17.0669765472412,14.8934917449951
114,4,17.5840301513672,14.3225784301758
114,5,17.0737152099609,14.886157989502
114,4,17.5840301513672,14.3225784301758
114,5,17.0737152099609,14.886157989502
114,4,17.5840301513672,14.3225784301758
114,5,17.0737152099609,14.886157989502
114,4,17.5908050537109,14.3156023025513
114,5,17.0803031921387,14.8790006637573
114,4,17.5908050537109,14.3156023025513
114,5,17.0803031921387,14.8790006637573
114,4,17.5976943969727,14.3085174560547
114,5,17.0870018005371,14.871732711792
114,4,17.5976943969727,14.3085174560547
114,5,17.0870018005371,14.871732711792
114,4,17.6049156188965,14.3011741638184
114,5,17.0940189361572,14.8641910552979
114,4,17.6049156188965,14.3011741638184
114,5,17.0940189361572,14.8641910552979
114,4,17.6049156188965,14.3011741638184
114,5,17.0940189361572,14.8641910552979
114,4,17.6049156188965,14.3011741638184
114,5,17.0940189361572,14.8641910552979
114,5,17.1028289794922,14.8547925949097
114,5,17.1028289794922,14.8547925949097
114,5,17.1124114990234,14.844500541687
114,5,17.1124114990234,14.844500541687
114,5,17.1189384460449,14.8376293182373
114,5,17.1189384460449,14.8376293182373
114,5,17.1252174377441,14.831093788147
114,5,17.1252174377441,14.831093788147
114,5,17.1316947937012,14.8243713378906
114,5,17.1316947937012,14.8243713378906
164,3,17.629789352417,16.3418159484863
164,3,17.629789352417,16.3418159484863
164,3,17.6238460540771,16.3467597961426
164,3,17.6238460540771,16.3467597961426
164,3,17.6238460540771,16.3467597961426
164,3,17.6197299957275,16.3501834869385
164,3,17.6197299957275,16.3501834869385
164,3,17.6197299957275,16.3501834869385
164,3,17.6145629882813,16.3544807434082
164,3,17.6145629882813,16.3544807434082
164,3,17.6145629882813,16.3544807434082
164,3,17.6094093322754,16.3587665557861
164,3,17.6094093322754,16.3587665557861
164,3,17.6094093322754,16.3587665557861
164,3,17.6094093322754,16.3587665557861
164,3,17.6040859222412,16.3631935119629
164,3,17.6040859222412,16.3631935119629
164,3,17.598030090332,16.3682289123535
164,3,17.598030090332,16.3682289123535
164,3,17.5939311981201,16.3716373443604
164,3,17.5939311981201,16.3716373443604
164,3,17.5939311981201,16.3716373443604
164,3,17.5939311981201,16.3716373443604
164,3,17.5901966094971,16.3747444152832
164,3,17.5901966094971,16.3747444152832
164,3,17.5901966094971,16.3747444152832
164,3,17.5836296081543,16.3802051544189
164,3,17.5836296081543,16.3802051544189
164,3,17.5836296081543,16.3802051544189
164,3,17.5836296081543,16.3802051544189
164,3,17.5798034667969,16.3833866119385
164,3,17.5798034667969,16.3833866119385
164,3,17.5798034667969,16.3833866119385
164,3,17.5722217559814,16.3896923065186
164,3,17.5722217559814,16.3896923065186
164,3,17.5722217559814,16.3896923065186
164,3,17.5662879943848,16.3946266174316
164,3,17.5662879943848,16.3946266174316
164,3,17.5662879943848,16.3946266174316
164,3,17.5625438690186,16.3977394104004
164,3,17.5625438690186,16.3977394104004
164,3,17.5625438690186,16.3977394104004
164,3,17.5561141967773,16.4030857086182
164,3,17.5561141967773,16.4030857086182
164,3,17.5561141967773,16.4030857086182
164,3,17.5561141967773,16.4030857086182
164,3,17.5512046813965,16.407169342041
164,3,17.5512046813965,16.407169342041
164,3,17.5512046813965,16.407169342041
164,3,17.5450439453125,16.4122924804688
164,3,17.5450439453125,16.4122924804688
164,3,17.5450439453125,16.4122924804688
164,3,17.5389099121094,16.4173946380615
164,3,17.5389099121094,16.4173946380615
164,3,17.5389099121094,16.4173946380615
164,3,17.5389099121094,16.4173946380615
165,3,17.5351371765137,16.4205322265625
165,3,17.5351371765137,16.4205322265625
165,3,17.5351371765137,16.4205322265625
165,3,17.5285968780518,16.4259700775146
165,3,17.5285968780518,16.4259700775146
165,3,17.5285968780518,16.4259700775146
165,3,17.5235214233398,16.4301910400391
165,3,17.5235214233398,16.4301910400391
165,3,17.5182266235352,16.4345932006836
165,3,17.5182266235352,16.4345932006836
165,3,17.5182266235352,16.4345932006836
165,3,17.5182266235352,16.4345932006836
165,3,17.5143737792969,16.4377956390381
165,3,17.5143737792969,16.4377956390381
165,3,17.5143737792969,16.4377956390381
165,3,17.5143737792969,16.4377956390381
165,3,17.5079231262207,16.4431591033936
165,3,17.5079231262207,16.4431591033936
165,3,17.5079231262207,16.4431591033936
165,3,17.5010509490967,16.4488735198975
165,3,17.5010509490967,16.4488735198975
165,3,17.5010509490967,16.4488735198975
165,3,17.4960498809814,16.453031539917
165,3,17.4960498809814,16.453031539917
165,3,17.4907817840576,16.4574127197266
165,3,17.4907817840576,16.4574127197266
165,3,17.4907817840576,16.4574127197266
165,3,17.4907817840576,16.4574127197266
165,3,17.4868049621582,16.4607200622559
165,3,17.4868049621582,16.4607200622559
165,3,17.4804668426514,16.4659900665283
165,3,17.4804668426514,16.4659900665283
165,3,17.4804668426514,16.4659900665283
165,3,17.4804668426514,16.4659900665283
165,3,17.4804668426514,16.4659900665283
176,3,15.7065496444702,17.8390598297119
176,3,15.7065496444702,17.8390598297119
176,3,15.6991786956787,17.8390598297119
176,3,15.6991786956787,17.8390598297119
176,3,15.6991786956787,17.8390598297119
176,3,15.6991786956787,17.8390598297119
176,3,15.6938943862915,17.8390598297119
176,3,15.6938943862915,17.8390598297119
176,3,15.6857767105103,17.8390598297119
176,3,15.6857767105103,17.8390598297119
176,3,15.6857767105103,17.8390598297119
176,3,15.6810474395752,17.8390598297119
176,3,15.6810474395752,17.8390598297119
176,3,15.6810474395752,17.8390598297119
176,3,15.6752462387085,17.8390598297119
176,3,15.6752462387085,17.8390598297119
176,3,15.6677627563477,17.8390598297119
176,3,15.6677627563477,17.8390598297119
176,3,15.6677627563477,17.8390598297119
190,2,10.3304309844971,16.2347774505615
190,2,10.3304309844971,16.2347774505615
190,2,10.3304309844971,16.2347774505615
190,2,10.3371105194092,16.2346744537354
190,2,10.3371105194092,16.2346744537354
190,2,10.3371105194092,16.2346744537354
190,2,10.3371105194092,16.2346744537354
190,2,10.3439950942993,16.2345676422119
190,2,10.3439950942993,16.2345676422119
190,2,10.3520793914795,16.2344417572021
190,2,10.3520793914795,16.2344417572021
190,2,10.3520793914795,16.2344417572021
190,2,10.3573055267334,16.2343597412109
190,2,10.3573055267334,16.2343597412109
190,2,10.3573055267334,16.2343597412109
190,2,10.3639259338379,16.2342567443848
190,2,10.3639259338379,16.2342567443848
190,2,10.3639259338379,16.2342567443848
190,2,10.3706722259521,16.23415184021
190,2,10.3706722259521,16.23415184021
190,2,10.3706722259521,16.23415184021
190,2,10.3706722259521,16.23415184021
190,2,10.3775720596313,16.2340450286865
190,2,10.3775720596313,16.2340450286865
190,2,10.3856544494629,16.2339191436768
190,2,10.3856544494629,16.2339191436768
190,2,10.3856544494629,16.2339191436768
190,2,10.390739440918,16.2338409423828
190,2,10.390739440918,16.2338409423828
190,2,10.390739440918,16.2338409423828
190,2,10.3975372314453,16.233736038208
190,2,10.3975372314453,16.233736038208
190,2,10.3975372314453,16.233736038208
190,2,10.4041223526001,16.2336330413818
190,2,10.4041223526001,16.2336330413818
190,2,10.4041223526001,16.2336330413818
190,2,10.4041223526001,16.2336330413818
190,2,10.4110374450684,16.2335262298584
190,2,10.4110374450684,16.2335262298584
190,2,10.4188814163208,16.2334041595459
190,2,10.4188814163208,16.2334041595459
190,2,10.4188814163208,16.2334041595459
190,2,10.4242715835571,16.2333202362061
190,2,10.4242715835571,16.2333202362061
190,2,10.4242715835571,16.2333202362061
190,2,10.4309539794922,16.2332172393799
190,2,10.4309539794922,16.2332172393799
190,2,10.4309539794922,16.2332172393799
190,2,10.4309539794922,16.2332172393799
190,2,10.4375782012939,16.2331142425537
190,2,10.4375782012939,16.2331142425537
190,2,10.4375782012939,16.2331142425537
190,2,10.4445152282715,16.2330055236816
190,2,10.4445152282715,16.2330055236816
190,2,10.4445152282715,16.2330055236816
190,2,10.4525270462036,16.2328815460205
190,2,10.4525270462036,16.2328815460205
190,2,10.4525270462036,16.2328815460205
210,2,12.5821161270142,14.3984117507935
210,2,12.5821161270142,14.3984117507935
210,2,12.5821161270142,14.3984117507935
210,2,12.5818471908569,14.3881664276123
210,2,12.5818471908569,14.3881664276123
210,2,12.5818471908569,14.3881664276123
210,2,12.5818471908569,14.3881664276123
210,2,12.5816478729248,14.3805589675903
210,2,12.5816478729248,14.3805589675903
210,2,12.5814170837402,14.3717355728149
210,2,12.5814170837402,14.3717355728149
210,2,12.5814170837402,14.3717355728149
210,2,12.5814170837402,14.3717355728149
210,2,12.5814170837402,14.3717355728149
210,2,12.5812826156616,14.3666143417358
210,2,12.5812826156616,14.3666143417358
210,2,12.5812826156616,14.3666143417358
210,2,12.5810260772705,14.3568229675293
210,2,12.5810260772705,14.3568229675293
211,2,12.5749759674072,14.1259737014771
211,2,12.5749759674072,14.1259737014771
211,2,12.5749759674072,14.1259737014771
211,2,12.5747842788696,14.1186647415161
211,2,12.5747842788696,14.1186647415161
211,2,12.5747842788696,14.1186647415161
211,2,12.5746231079102,14.1125230789185
211,2,12.5746231079102,14.1125230789185
211,2,12.5746231079102,14.1125230789185
212,2,12.5744533538818,14.1060552597046
212,2,12.5744533538818,14.1060552597046
212,2,12.5744533538818,14.1060552597046
212,2,12.5742330551147,14.0976667404175
212,2,12.5742330551147,14.0976667404175
212,2,12.5742330551147,14.0976667404175
212,2,12.5740957260132,14.0924263000488
212,2,12.5740957260132,14.0924263000488
212,2,12.5740957260132,14.0924263000488
212,2,12.5739231109619,14.0858564376831
212,2,12.5739231109619,14.0858564376831
212,2,12.5739231109619,14.0858564376831
212,2,12.5737495422363,14.0792484283447
212,2,12.5737495422363,14.0792484283447
212,2,12.5737495422363,14.0792484283447
212,2,12.5735712051392,14.0724515914917
212,2,12.5735712051392,14.0724515914917
212,2,12.5735712051392,14.0724515914917
213,2,12.5660247802734,13.7844982147217
213,2,12.5660247802734,13.7844982147217
213,2,12.5660247802734,13.7844982147217
213,2,12.565842628479,13.7775449752808
213,2,12.565842628479,13.7775449752808
213,2,12.565842628479,13.7775449752808
213,2,12.5656700134277,13.7709732055664
213,2,12.5656700134277,13.7709732055664
213,2,12.5656700134277,13.7709732055664
213,2,12.5654554367065,13.762788772583
213,2,12.5654554367065,13.762788772583
213,2,12.5654554367065,13.762788772583
213,2,12.5653190612793,13.7575693130493
213,2,12.5653190612793,13.7575693130493
213,2,12.5653190612793,13.7575693130493
213,2,12.5651416778564,13.7507877349854
213,2,12.5651416778564,13.7507877349854
213,2,12.5651416778564,13.7507877349854
213,2,12.5649662017822,13.7440977096558
213,2,12.5649662017822,13.7440977096558
213,2,12.5649662017822,13.7440977096558
213,2,12.564793586731,13.7375078201294
213,2,12.564793586731,13.7375078201294
213,2,12.564793586731,13.7375078201294
213,2,12.5645837783813,13.7295160293579
213,2,12.5645837783813,13.7295160293579
213,2,12.5645837783813,13.7295160293579
213,2,12.5644426345825,13.7241230010986
213,2,12.5644426345825,13.7241230010986
213,2,12.5644426345825,13.7241230010986
213,2,12.5642623901367,13.7172470092773
213,2,12.5642623901367,13.7172470092773
213,2,12.5642623901367,13.7172470092773
213,2,12.5640878677368,13.7105722427368
214,2,12.5640878677368,13.7105722427368
214,2,12.5640878677368,13.7105722427368
214,2,12.5639162063599,13.7040338516235
214,2,12.5639162063599,13.7040338516235
214,2,12.5639162063599,13.7040338516235
214,2,12.5637378692627,13.6972408294678
214,2,12.5637378692627,13.6972408294678
214,2,12.5635633468628,13.6905679702759
214,2,12.5635633468628,13.6905679702759
214,2,12.5635633468628,13.6905679702759
214,2,12.5635633468628,13.6905679702759
214,2,12.5634317398071,13.6855640411377
214,2,12.5634317398071,13.6855640411377
214,2,12.563214302063,13.6772575378418
214,2,12.563214302063,13.6772575378418
214,2,12.563214302063,13.6772575378418
214,2,12.563214302063,13.6772575378418
214,2,12.5630836486816,13.6722841262817
214,2,12.5630836486816,13.6722841262817
214,2,12.5630836486816,13.6722841262817
214,2,12.5630836486816,13.6722841262817
214,2,12.5628271102905,13.6624784469604
214,2,12.5628271102905,13.6624784469604
214,2,12.5626268386841,13.6548318862915
214,2,12.5626268386841,13.6548318862915
214,2,12.5626268386841,13.6548318862915
214,2,12.5626268386841,13.6548318862915
214,2,12.5589408874512,13.5142126083374
214,2,12.5589408874512,13.5142126083374
215,2,12.5587301254272,13.5061540603638
215,2,12.5587301254272,13.5061540603638
215,2,12.5587301254272,13.5061540603638
215,2,12.5585899353027,13.5008125305176
215,2,12.5585899353027,13.5008125305176
215,2,12.5585899353027,13.5008125305176
215,2,12.5584182739258,13.4942607879639
215,2,12.5584182739258,13.4942607879639
215,2,12.5584182739258,13.4942607879639
215,2,12.5582342147827,13.4872550964355
215,2,12.5582342147827,13.4872550964355
215,2,12.5582342147827,13.4872550964355
215,2,12.5582342147827,13.4872550964355
215,2,12.5580635070801,13.480731010437
215,2,12.5580635070801,13.480731010437
215,2,12.5578508377075,13.4726142883301
215,2,12.5578508377075,13.4726142883301
215,2,12.5578508377075,13.4726142883301
215,2,12.5577144622803,13.4674234390259
215,2,12.5577144622803,13.4674234390259
215,2,12.5577144622803,13.4674234390259
215,2,12.5575370788574,13.4606466293335
215,2,12.5575370788574,13.4606466293335
215,2,12.5575370788574,13.4606466293335
215,2,12.5573596954346,13.4538888931274
215,2,12.5573596954346,13.4538888931274
215,2,12.5573596954346,13.4538888931274
215,2,12.5573596954346,13.4538888931274
215,2,12.5571842193604,13.4472055435181
215,2,12.5571842193604,13.4472055435181
215,2,12.5569734573364,13.4391613006592
215,2,12.5569734573364,13.4391613006592
215,2,12.5569734573364,13.4391613006592
215,2,12.556830406189,13.4337034225464
215,2,12.556830406189,13.4337034225464
215,2,12.556830406189,13.4337034225464
215,2,12.5566606521606,13.4272203445435
215,2,12.5566606521606,13.4272203445435
215,2,12.5566606521606,13.4272203445435
215,2,12.5564851760864,13.4205188751221
215,2,12.5564851760864,13.4205188751221
215,2,12.5564851760864,13.4205188751221
215,2,12.5564851760864,13.4205188751221
215,2,12.5563077926636,13.413761138916
215,2,12.5563077926636,13.413761138916
215,2,12.5560970306396,13.4057197570801
215,2,12.5560970306396,13.4057197570801
215,2,12.5560970306396,13.4057197570801
215,2,12.5559558868408,13.4003410339355
215,2,12.5559558868408,13.4003410339355
215,2,12.5559558868408,13.4003410339355
215,2,12.5557804107666,13.3936290740967
215,2,12.5557804107666,13.3936290740967
215,2,12.5557804107666,13.3936290740967
215,2,12.5556545257568,13.388840675354
215,2,12.5556545257568,13.388840675354
215,2,12.5556545257568,13.388840675354
215,2,12.5554275512695,13.3801870346069
215,2,12.5554275512695,13.3801870346069
215,2,12.5554275512695,13.3801870346069
219,2,12.5361051559448,12.6429567337036
219,2,12.5361051559448,12.6429567337036
219,2,12.5361051559448,12.6429567337036
219,2,12.5358810424805,12.6343975067139
219,2,12.5358810424805,12.6343975067139
219,2,12.5358810424805,12.6343975067139
219,2,12.5357151031494,12.6280765533447
219,2,12.5357151031494,12.6280765533447
219,2,12.5355367660522,12.6212701797485
219,2,12.5355367660522,12.6212701797485
219,2,12.5354108810425,12.616473197937
219,2,12.5354108810425,12.616473197937
219,2,12.5354108810425,12.616473197937
219,2,12.5352935791016,12.6120004653931
219,2,12.5352935791016,12.6120004653931
219,2,12.5352935791016,12.6120004653931
219,2,12.5351238250732,12.6055269241333
219,2,12.5351238250732,12.6055269241333
219,2,12.5351238250732,12.6055269241333
219,2,12.5351238250732,12.6055269241333
219,2,12.534951210022,12.5989227294922
219,2,12.534951210022,12.5989227294922
219,2,12.5347394943237,12.5908269882202
219,2,12.5347394943237,12.5908269882202
219,2,12.5347394943237,12.5908269882202
219,2,12.5346021652222,12.5855751037598
219,2,12.5346021652222,12.5855751037598
219,2,12.5346021652222,12.5855751037598
219,2,12.5344247817993,12.5788059234619
219,2,12.5344247817993,12.5788059234619
219,2,12.5344247817993,12.5788059234619
231,4,12.9428663253784,13.3438291549683
231,4,12.9428663253784,13.3438291549683
231,4,12.9428663253784,13.3438291549683
231,4,12.9428663253784,13.3438291549683
231,4,12.9583530426025,13.3450002670288
231,4,12.9583530426025,13.3450002670288
231,4,12.9748792648315,13.3459320068359
231,4,12.9748792648315,13.3459320068359
231,4,12.9748792648315,13.3459320068359
231,4,12.9871091842651,13.3465490341187
231,4,12.9871091842651,13.3465490341187
231,4,12.9871091842651,13.3465490341187
231,4,13.0016946792603,13.3472948074341
231,4,13.0016946792603,13.3472948074341
232,4,13.0016946792603,13.3472948074341
232,4,13.0160179138184,13.348105430603
232,4,13.0160179138184,13.348105430603
232,4,13.0160179138184,13.348105430603
232,4,13.0160179138184,13.348105430603
232,4,13.0306835174561,13.3488655090332
232,4,13.0306835174561,13.3488655090332
232,4,13.0457611083984,13.3496170043945
232,4,13.0457611083984,13.3496170043945
232,4,13.0457611083984,13.3496170043945
232,4,13.057412147522,13.350136756897
232,4,13.057412147522,13.350136756897
232,4,13.057412147522,13.350136756897
232,4,13.0720624923706,13.3506908416748
232,4,13.0720624923706,13.3506908416748
232,4,13.0720624923706,13.3506908416748
232,4,13.0867519378662,13.3510370254517
232,4,13.0867519378662,13.3510370254517
232,4,13.0867519378662,13.3510370254517
232,4,13.0867519378662,13.3510370254517
232,4,13.1025810241699,13.3511667251587
232,4,13.1025810241699,13.3511667251587
232,4,13.1025810241699,13.3511667251587
232,4,13.120677947998,13.3507356643677
232,4,13.120677947998,13.3507356643677
232,4,13.1365880966187,13.3502817153931
232,4,13.1365880966187,13.3502817153931
232,4,13.1474685668945,13.3500061035156
232,4,13.1474685668945,13.3500061035156
232,4,13.1474685668945,13.3500061035156
232,4,13.1582059860229,13.3498611450195
232,4,13.1582059860229,13.3498611450195
232,4,13.1582059860229,13.3498611450195
232,4,13.170877456665,13.3497486114502
232,4,13.170877456665,13.3497486114502
232,4,13.170877456665,13.3497486114502
232,4,13.1879835128784,13.349630355835
232,4,13.1879835128784,13.349630355835
232,4,13.1879835128784,13.349630355835
232,4,13.2015295028687,13.3496980667114
232,4,13.2015295028687,13.3496980667114
232,4,13.2163734436035,13.3497295379639
232,4,13.2163734436035,13.3497295379639
232,4,13.2262840270996,13.3497648239136
232,4,13.2262840270996,13.3497648239136
232,4,13.2262840270996,13.3497648239136
232,4,13.2354040145874,13.3498334884644
232,4,13.2354040145874,13.3498334884644
232,4,13.2443571090698,13.3499021530151
232,4,13.2443571090698,13.3499021530151
232,4,13.2443571090698,13.3499021530151
232,4,13.2443571090698,13.3499021530151
236,4,15.0407295227051,13.3928298950195
236,4,15.0407295227051,13.3928298950195
236,4,15.0571174621582,13.3931713104248
236,4,15.0571174621582,13.3931713104248
236,4,15.0571174621582,13.3931713104248
236,4,15.069766998291,13.3935279846191
236,4,15.069766998291,13.3935279846191
236,4,15.069766998291,13.3935279846191
236,4,15.0857076644897,13.3941268920898
236,5,14.3529758453369,13.3644771575928
236,4,15.0857076644897,13.3941268920898
236,5,14.3529758453369,13.3644771575928
236,4,15.0857076644897,13.3941268920898
236,5,14.3529758453369,13.3644771575928
236,4,15.1000347137451,13.3945636749268
236,5,14.3673028945923,13.3649225234985
236,4,15.1000347137451,13.3945636749268
236,5,14.3673028945923,13.3649225234985
236,4,15.1000347137451,13.3945636749268
236,5,14.3673028945923,13.3649225234985
236,4,15.1000347137451,13.3945636749268
236,5,14.3673028945923,13.3649225234985
236,4,15.1160173416138,13.3950328826904
236,5,14.3832836151123,13.3654432296753
236,4,15.1160173416138,13.3950328826904
236,5,14.3832836151123,13.3654432296753
236,4,15.1327142715454,13.3955497741699
236,5,14.3999805450439,13.3659839630127
236,4,15.1327142715454,13.3955497741699
236,5,14.3999805450439,13.3659839630127
236,4,15.1327142715454,13.3955497741699
236,5,14.3999805450439,13.3659839630127
236,4,15.1451807022095,13.3957605361938
236,5,14.412446975708,13.3662405014038
236,4,15.1451807022095,13.3957605361938
236,5,14.412446975708,13.3662405014038
236,4,15.1451807022095,13.3957605361938
236,5,14.412446975708,13.3662405014038
236,4,15.1598434448242,13.39599609375
236,5,14.4271106719971,13.366491317749
236,4,15.1598434448242,13.39599609375
236,5,14.4271106719971,13.366491317749
236,4,15.1598434448242,13.39599609375
236,5,14.4271106719971,13.366491317749
237,4,15.1742134094238,13.3962955474854
237,5,14.4414806365967,13.3668394088745
237,4,15.1742134094238,13.3962955474854
237,5,14.4414806365967,13.3668394088745
237,4,15.1742134094238,13.3962955474854
237,5,14.4414806365967,13.3668394088745
237,4,15.1742134094238,13.3962955474854
237,5,14.4414806365967,13.3668394088745
237,4,15.1886281967163,13.3967142105103
237,5,14.4558954238892,13.3672666549683
237,6,13.4938287734985,13.622971534729
237,4,15.1886281967163,13.3967142105103
237,5,14.4558954238892,13.3672666549683
237,6,13.4938287734985,13.622971534729
237,4,15.1886281967163,13.3967142105103
237,5,14.4558954238892,13.3672666549683
237,6,13.4938287734985,13.622971534729
237,4,15.2034044265747,13.3971185684204
237,5,14.4706707000732,13.3677139282227
237,4,15.2034044265747,13.3971185684204
237,5,14.4706707000732,13.3677139282227
237,4,15.2152976989746,13.3974266052246
237,5,14.4825639724731,13.3680267333984
237,6,13.5213537216187,13.6223287582397
237,4,15.2152976989746,13.3974266052246
237,5,14.4825639724731,13.3680267333984
237,6,13.5213537216187,13.6223287582397
237,5,14.4825639724731,13.3680267333984
237,4,15.2152976989746,13.3974266052246
237,6,13.5213537216187,13.6223287582397
237,4,15.2285041809082,13.3977355957031
237,5,14.4957695007324,13.3683795928955
237,6,13.5343503952026,13.6219987869263
237,4,15.2285041809082,13.3977355957031
237,5,14.4957695007324,13.3683795928955
237,6,13.5343503952026,13.6219987869263
237,4,15.2285041809082,13.3977355957031
237,5,14.4957695007324,13.3683795928955
237,6,13.5343503952026,13.6219987869263
237,4,15.2427234649658,13.3979682922363
237,5,14.5099897384644,13.3686208724976
237,6,13.5485210418701,13.6215019226074
237,4,15.2427234649658,13.3979682922363
237,5,14.5099897384644,13.3686208724976
237,6,13.5485210418701,13.6215019226074
237,4,15.2427234649658,13.3979682922363
237,5,14.5099897384644,13.3686208724976
237,6,13.5485210418701,13.6215019226074
237,4,15.2570552825928,13.3980150222778
237,5,14.524320602417,13.3687105178833
237,6,13.563138961792,13.6208410263062
237,4,15.2570552825928,13.3980150222778
237,5,14.524320602417,13.3687105178833
237,6,13.563138961792,13.6208410263062
237,4,15.2570552825928,13.3980150222778
237,5,14.524320602417,13.3687105178833
237,6,13.563138961792,13.6208410263062
237,4,15.2711095809937,13.3978471755981
237,5,14.5383768081665,13.3685483932495
237,6,13.5766334533691,13.6199617385864
237,4,15.2711095809937,13.3978471755981
237,5,14.5383768081665,13.3685483932495
237,6,13.5766334533691,13.6199617385864
237,4,15.2857332229614,13.3971405029297
237,6,13.5926170349121,13.6185054779053
237,5,14.5530014038086,13.3678779602051
237,4,15.2857332229614,13.3971405029297
237,5,14.5530014038086,13.3678779602051
237,6,13.5926170349121,13.6185054779053
237,4,15.2857332229614,13.3971405029297
237,5,14.5530014038086,13.3678779602051
237,6,13.5926170349121,13.6185054779053
237,4,15.2958879470825,13.3968067169189
237,5,14.5631580352783,13.367546081543
237,6,13.6024322509766,13.6176557540894
237,4,15.2958879470825,13.3968067169189
237,5,14.5631580352783,13.367546081543
237,6,13.6024322509766,13.6176557540894
237,4,15.3068370819092,13.396279335022
237,5,14.574107170105,13.3670492172241
237,6,13.6136655807495,13.6165838241577
237,4,15.3068370819092,13.396279335022
237,6,13.6136655807495,13.6165838241577
237,5,14.574107170105,13.3670492172241
237,4,15.31667137146,13.3958892822266
237,5,14.5839424133301,13.3666887283325
237,6,13.6234712600708,13.6157341003418
237,4,15.31667137146,13.3958892822266
237,5,14.5839424133301,13.3666887283325
237,6,13.6234712600708,13.6157341003418
237,6,13.6332635879517,13.614953994751
237,6,13.6332635879517,13.614953994751
237,6,13.6332635879517,13.614953994751
237,6,13.6468315124512,13.6139135360718
237,6,13.6468315124512,13.6139135360718
237,6,13.6468315124512,13.6139135360718
237,6,13.6620788574219,13.6129150390625
237,6,13.6620788574219,13.6129150390625
237,6,13.6620788574219,13.6129150390625
237,6,13.6620788574219,13.6129150390625
237,6,13.6742725372314,13.6122188568115
237,5,14.6366500854492,13.365665435791
237,5,14.6366500854492,13.365665435791
237,6,13.6742725372314,13.6122188568115
237,6,13.6916332244873,13.6112260818481
237,5,14.6524085998535,13.3654460906982
237,5,14.6524085998535,13.3654460906982
237,6,13.6916332244873,13.6112260818481
237,5,14.663106918335,13.3653745651245
237,6,13.7017307281494,13.6106691360474
237,5,14.663106918335,13.3653745651245
237,6,13.7017307281494,13.6106691360474
237,5,14.663106918335,13.3653745651245
237,6,13.7017307281494,13.6106691360474
237,5,14.663106918335,13.3653745651245
237,6,13.7017307281494,13.6106691360474
237,5,14.6762475967407,13.3652944564819
237,6,13.7141551971436,13.6100006103516
237,5,14.6762475967407,13.3652944564819
237,6,13.7141551971436,13.6100006103516
237,5,14.6899576187134,13.3652086257935
237,6,13.7291946411133,13.6092672348022
237,5,14.6899576187134,13.3652086257935
237,6,13.7291946411133,13.6092672348022
237,5,14.699179649353,13.365213394165
237,6,13.7384910583496,13.6088542938232
237,5,14.699179649353,13.365213394165
237,6,13.7384910583496,13.6088542938232
237,5,14.7083101272583,13.3652696609497
237,6,13.7475728988647,13.6084995269775
237,5,14.7083101272583,13.3652696609497
237,6,13.7475728988647,13.6084995269775
237,5,14.717716217041,13.3653631210327
237,6,13.756983757019,13.6081714630127
237,5,14.717716217041,13.3653631210327
237,6,13.756983757019,13.6081714630127
237,5,14.7279176712036,13.3654956817627
237,6,13.7664890289307,13.6078577041626
237,5,14.7279176712036,13.3654956817627
237,6,13.7664890289307,13.6078577041626
237,5,14.7279176712036,13.3654956817627
237,6,13.7664890289307,13.6078577041626
237,5,14.7279176712036,13.3654956817627
237,6,13.7664890289307,13.6078577041626
237,5,14.7413721084595,13.3657007217407
237,6,13.7791109085083,13.6074800491333
237,5,14.7413721084595,13.3657007217407
237,6,13.7791109085083,13.6074800491333
237,5,14.7564010620117,13.3660202026367
237,6,13.7955503463745,13.6071109771729
237,5,14.7564010620117,13.3660202026367
237,6,13.7955503463745,13.6071109771729
237,4,15.4993667602539,13.3950595855713
237,5,14.7666368484497,13.3662643432617
237,6,13.8059167861938,13.6069011688232
237,4,15.4993667602539,13.3950595855713
237,5,14.7666368484497,13.3662643432617
237,6,13.8059167861938,13.6069011688232
237,4,15.5091571807861,13.3954191207886
237,5,14.7764263153076,13.3666543960571
237,6,13.8157691955566,13.6068572998047
237,4,15.5091571807861,13.3954191207886
237,5,14.7764263153076,13.3666543960571
237,6,13.8157691955566,13.6068572998047
237,6,13.8254127502441,13.6067600250244
237,4,15.5188779830933,13.3957366943359
237,5,14.7861471176147,13.366982460022
237,4,15.5188779830933,13.3957366943359
237,5,14.7861471176147,13.366982460022
237,6,13.8254127502441,13.6067600250244
237,4,15.5296125411987,13.3960199356079
237,5,14.7968797683716,13.367301940918
237,6,13.8354454040527,13.606616973877
237,4,15.5296125411987,13.3960199356079
237,5,14.7968797683716,13.367301940918
237,6,13.8354454040527,13.606616973877
237,4,15.5296125411987,13.3960199356079
237,5,14.7968797683716,13.367301940918
237,6,13.8354454040527,13.606616973877
237,4,15.5296125411987,13.3960199356079
237,5,14.7968797683716,13.367301940918
237,6,13.8354454040527,13.606616973877
237,4,15.5436248779297,13.3963823318481
237,5,14.8108921051025,13.3676786422729
237,6,13.8486442565918,13.6063966751099
237,4,15.5436248779297,13.3963823318481
237,5,14.8108921051025,13.3676786422729
237,6,13.8486442565918,13.6063966751099
237,4,15.5589923858643,13.3968687057495
237,5,14.8262596130371,13.368203163147
237,4,15.5589923858643,13.3968687057495
237,5,14.8262596130371,13.368203163147
237,4,15.5691967010498,13.3970460891724
237,5,14.8364629745483,13.3683919906616
237,4,15.5691967010498,13.3970460891724
237,5,14.8364629745483,13.3683919906616
237,4,15.5789861679077,13.3971633911133
237,5,14.8462524414062,13.368537902832
237,4,15.5789861679077,13.3971633911133
237,5,14.8462524414062,13.368537902832
237,4,15.5887432098389,13.3972835540771
237,5,14.8560094833374,13.3686676025391
237,4,15.5887432098389,13.3972835540771
237,5,14.8560094833374,13.3686676025391
237,4,15.5887432098389,13.3972835540771
237,5,14.8560094833374,13.3686676025391
237,4,15.599497795105,13.3974466323853
237,5,14.8667640686035,13.3688659667969
237,4,15.599497795105,13.3974466323853
237,5,14.8667640686035,13.3688659667969
237,4,15.599497795105,13.3974466323853
237,5,14.8667640686035,13.3688659667969
238,4,15.6127452850342,13.3977327346802
238,5,14.880012512207,13.3691644668579
238,4,15.6127452850342,13.3977327346802
238,5,14.880012512207,13.3691644668579
238,4,15.6271095275879,13.39808177948
238,5,14.8943758010864,13.3695497512817
238,4,15.6271095275879,13.39808177948
238,5,14.8943758010864,13.3695497512817
238,4,15.6372003555298,13.398307800293
238,5,14.9044666290283,13.3697843551636
238,4,15.6372003555298,13.398307800293
238,5,14.9044666290283,13.3697843551636
238,4,15.6372003555298,13.398307800293
238,5,14.9044666290283,13.3697843551636
238,4,15.6372003555298,13.398307800293
238,5,14.9044666290283,13.3697843551636
238,4,15.6490364074707,13.398551940918
238,5,14.9163017272949,13.3700704574585
238,4,15.6490364074707,13.398551940918
238,5,14.9163017272949,13.3700704574585
238,4,15.6490364074707,13.398551940918
238,5,14.9163017272949,13.3700704574585
238,4,15.6647062301636,13.3988637924194
238,5,14.9319705963135,13.3704042434692
238,4,15.6647062301636,13.3988637924194
238,5,14.9319705963135,13.3704042434692
238,4,15.6647062301636,13.3988637924194
238,5,14.9319705963135,13.3704042434692
238,4,15.6787414550781,13.3990020751953
238,5,14.9460048675537,13.370587348938
238,4,15.6787414550781,13.3990020751953
238,5,14.9460048675537,13.370587348938
238,4,15.6931991577148,13.3989582061768
238,5,14.9604625701904,13.3705682754517
238,4,15.6931991577148,13.3989582061768
238,5,14.9604625701904,13.3705682754517
238,4,15.7032260894775,13.3987712860107
238,5,14.9704895019531,13.3704147338867
238,4,15.7032260894775,13.3987712860107
238,5,14.9704895019531,13.3704147338867
238,4,15.7133808135986,13.3983135223389
238,5,14.9806470870972,13.3699703216553
238,4,15.7133808135986,13.3983135223389
238,5,14.9806470870972,13.3699703216553
238,4,15.7236785888672,13.3978977203369
238,4,15.7236785888672,13.3978977203369
238,4,15.7236785888672,13.3978977203369
238,4,15.735013961792,13.3974933624268
238,4,15.735013961792,13.3974933624268
238,4,15.735013961792,13.3974933624268
238,4,15.7496709823608,13.3968286514282
238,4,15.7496709823608,13.3968286514282
238,4,15.7648153305054,13.3962268829346
238,4,15.7648153305054,13.3962268829346
238,4,15.7750844955444,13.395884513855
238,4,15.7750844955444,13.395884513855
238,4,15.7850637435913,13.3956575393677
238,4,15.7850637435913,13.3956575393677
238,4,15.7950429916382,13.3954782485962
238,4,15.7950429916382,13.3954782485962
238,4,15.7950429916382,13.3954782485962
238,4,15.8051919937134,13.3953876495361
238,4,15.8051919937134,13.3953876495361
238,4,15.8051919937134,13.3953876495361
238,4,15.8187599182129,13.3952407836914
238,4,15.8187599182129,13.3952407836914
238,4,15.8329153060913,13.3950242996216
238,4,15.8329153060913,13.3950242996216
238,4,15.8419132232666,13.3949337005615
238,5,15.109185218811,13.3668947219849
238,5,15.109185218811,13.3668947219849
238,4,15.8419132232666,13.3949337005615
238,4,15.8508424758911,13.3948745727539
238,5,15.1181144714355,13.3668441772461
238,4,15.8508424758911,13.3948745727539
238,5,15.1181144714355,13.3668441772461
238,4,15.8594961166382,13.3948402404785
238,5,15.1267671585083,13.3668394088745
238,4,15.8594961166382,13.3948402404785
238,5,15.1267671585083,13.3668394088745
238,4,15.8594961166382,13.3948402404785
238,5,15.1267671585083,13.3668394088745
238,4,15.8692054748535,13.3948764801025
238,5,15.1364774703979,13.3668804168701
238,4,15.8692054748535,13.3948764801025
238,5,15.1364774703979,13.3668804168701
238,4,15.8692054748535,13.3948764801025
238,5,15.1364774703979,13.3668804168701
238,4,15.8829689025879,13.3949632644653
238,5,15.150239944458,13.3670139312744
238,4,15.8829689025879,13.3949632644653
238,5,15.150239944458,13.3670139312744
238,4,15.8982124328613,13.3950901031494
238,5,15.1654834747314,13.3671655654907
238,4,15.8982124328613,13.3950901031494
238,5,15.1654834747314,13.3671655654907
238,4,15.9083795547485,13.3952255249023
238,5,15.1756496429443,13.3673334121704
238,4,15.9083795547485,13.3952255249023
238,5,15.1756496429443,13.3673334121704
238,4,15.9184427261353,13.3954362869263
238,5,15.1857128143311,13.3675537109375
238,4,15.9184427261353,13.3954362869263
238,5,15.1857128143311,13.3675537109375
238,4,15.9286518096924,13.3956203460693
238,5,15.1959209442139,13.3677711486816
238,4,15.9286518096924,13.3956203460693
238,5,15.1959209442139,13.3677711486816
238,4,15.9286518096924,13.3956203460693
238,5,15.1959209442139,13.3677711486816
238,4,15.9402370452881,13.3959360122681
238,5,15.2075071334839,13.368091583252
238,4,15.9402370452881,13.3959360122681
238,5,15.2075071334839,13.368091583252
238,4,15.9402370452881,13.3959360122681
238,5,15.2075071334839,13.368091583252
238,4,15.9559116363525,13.3964977264404
238,5,15.2231817245483,13.3686971664429
238,4,15.9559116363525,13.3964977264404
238,5,15.2231817245483,13.3686971664429
238,4,15.9692831039429,13.3968839645386
238,5,15.2365522384644,13.3690996170044
238,4,15.9692831039429,13.3968839645386
238,5,15.2365522384644,13.3690996170044
238,4,15.9794054031372,13.3971471786499
238,5,15.2466745376587,13.3693952560425
238,6,14.2855796813965,13.5891389846802
238,4,15.9794054031372,13.3971471786499
238,5,15.2466745376587,13.3693952560425
238,6,14.2855796813965,13.5891389846802
238,4,15.9894428253174,13.3974981307983
238,5,15.2567110061646,13.3697547912598
238,6,14.295729637146,13.5890617370605
238,4,15.9894428253174,13.3974981307983
238,5,15.2567110061646,13.3697547912598
238,6,14.295729637146,13.5890617370605
238,4,15.9990215301514,13.3977746963501
238,5,15.2662878036499,13.3700618743897
238,6,14.3052053451538,13.5889511108398
238,4,15.9990215301514,13.3977746963501
238,5,15.2662878036499,13.3700618743897
238,6,14.3052053451538,13.5889511108398
238,4,15.9990215301514,13.3977746963501
238,5,15.2662878036499,13.3700618743897
238,6,14.3052053451538,13.5889511108398
238,4,16.0094051361084,13.3979759216309
238,5,15.2766714096069,13.3702669143677
238,6,14.3149700164795,13.5887174606323
238,5,15.2766714096069,13.3702669143677
238,4,16.0094051361084,13.3979759216309
238,6,14.3149700164795,13.5887174606323
238,4,16.0094051361084,13.3979759216309
238,5,15.2766714096069,13.3702669143677
238,6,14.3149700164795,13.5887174606323
238,5,15.2897434234619,13.3704957962036
238,6,14.3271684646606,13.5883874893188
238,5,15.2897434234619,13.3704957962036
238,6,14.3271684646606,13.5883874893188
238,5,15.3039665222168,13.3707618713379
238,6,14.3427934646606,13.5880098342896
238,5,15.3039665222168,13.3707618713379
238,6,14.3427934646606,13.5880098342896
238,5,15.3134822845459,13.3710174560547
238,6,14.3524971008301,13.5878458023071
238,5,15.3134822845459,13.3710174560547
238,6,14.3524971008301,13.5878458023071
239,5,15.3225593566895,13.3712787628174
239,6,14.3614091873169,13.5877161026001
239,5,15.3225593566895,13.3712787628174
239,6,14.3614091873169,13.5877161026001
239,5,15.3320121765137,13.3715562820435
239,6,14.3710060119629,13.5875778198242
239,5,15.3320121765137,13.3715562820435
239,6,14.3710060119629,13.5875778198242
239,5,15.3320121765137,13.3715562820435
239,6,14.3710060119629,13.5875778198242
239,5,15.3417711257935,13.3717947006226
239,6,14.3800258636475,13.5878667831421
239,5,15.3417711257935,13.3717947006226
239,6,14.3800258636475,13.5878667831421
239,5,15.3417711257935,13.3717947006226
239,6,14.3800258636475,13.5878667831421
239,5,15.3545417785645,13.372802734375
239,6,14.3921155929565,13.5877647399902
239,5,15.3545417785645,13.372802734375
239,6,14.3921155929565,13.5877647399902
239,5,15.3685665130615,13.3734302520752
239,6,14.4075880050659,13.5884580612183
239,5,15.3685665130615,13.3734302520752
239,6,14.4075880050659,13.5884580612183
239,5,15.3780326843262,13.3741645812988
239,6,14.4170703887939,13.5884141921997
239,5,15.3780326843262,13.3741645812988
239,6,14.4170703887939,13.5884141921997
239,5,15.3879423141479,13.3745193481445
239,6,14.4268655776978,13.5887508392334
239,5,15.3879423141479,13.3745193481445
239,6,14.4268655776978,13.5887508392334
239,6,14.4373197555542,13.5886154174805
239,5,15.3981895446777,13.3752069473267
239,5,15.3981895446777,13.3752069473267
239,6,14.4373197555542,13.5886154174805
239,5,15.3981895446777,13.3752069473267
239,6,14.4373197555542,13.5886154174805
239,6,14.4472723007202,13.5887145996094
239,6,14.4472723007202,13.5887145996094
239,6,14.4472723007202,13.5887145996094
239,6,14.4601526260376,13.5880756378174
239,6,14.4601526260376,13.5880756378174
239,6,14.477011680603,13.5881586074829
239,6,14.477011680603,13.5881586074829
239,6,14.4874057769775,13.5876998901367
239,6,14.4874057769775,13.5876998901367
239,6,14.4874057769775,13.5876998901367
239,6,14.4971952438355,13.5878162384033
239,6,14.4971952438355,13.5878162384033
239,6,14.5075330734253,13.5875377655029
239,6,14.5075330734253,13.5875377655029
239,6,14.5176954269409,13.5877552032471
239,6,14.5176954269409,13.5877552032471
239,6,14.5176954269409,13.5877552032471
239,6,14.5176954269409,13.5877552032471
239,6,14.5305156707764,13.5875978469849
239,6,14.5305156707764,13.5875978469849
239,6,14.5459327697754,13.5882892608643
239,6,14.5459327697754,13.5882892608643
239,6,14.5557308197021,13.5882978439331
239,6,14.5557308197021,13.5882978439331
239,6,14.5647764205933,13.5887260437012
239,6,14.5647764205933,13.5887260437012
239,6,14.5741415023804,13.5887594223022
239,6,14.5741415023804,13.5887594223022
239,6,14.5840253829956,13.5892820358276
239,6,14.5840253829956,13.5892820358276
239,6,14.5840253829956,13.5892820358276
239,6,14.5840253829956,13.5892820358276
239,6,14.5964708328247,13.5893850326538
239,6,14.5964708328247,13.5893850326538
239,6,14.610857963562,13.5894870758057
239,6,14.610857963562,13.5894870758057
239,4,16.3726692199707,13.4176054000854
239,4,16.3726692199707,13.4176054000854
239,4,16.3833885192871,13.4183120727539
239,4,16.3833885192871,13.4183120727539
239,4,16.3932323455811,13.4188356399536
239,4,16.3932323455811,13.4188356399536
239,4,16.4032688140869,13.4193239212036
239,4,16.4032688140869,13.4193239212036
239,4,16.4140338897705,13.4197988510132
239,4,16.4140338897705,13.4197988510132
239,4,16.4140338897705,13.4197988510132
239,4,16.4140338897705,13.4197988510132
239,4,16.4279022216797,13.4204626083374
239,4,16.4279022216797,13.4204626083374
239,4,16.4431190490723,13.4209442138672
239,4,16.4431190490723,13.4209442138672
239,4,16.4532203674316,13.4211797714233
239,4,16.4532203674316,13.4211797714233
239,4,16.4626197814941,13.4214000701904
239,5,15.7301807403564,13.391074180603
239,4,16.4626197814941,13.4214000701904
239,5,15.7301807403564,13.391074180603
239,4,16.4723644256592,13.4216594696045
239,5,15.7399263381958,13.3913240432739
239,4,16.4723644256592,13.4216594696045
239,5,15.7399263381958,13.3913240432739
239,4,16.4723644256592,13.4216594696045
239,5,15.7399263381958,13.3913240432739
240,4,16.48264503479,13.4219589233398
240,5,15.7502069473267,13.3916358947754
240,4,16.48264503479,13.4219589233398
240,5,15.7502069473267,13.3916358947754
240,4,16.48264503479,13.4219589233398
240,5,15.7502069473267,13.3916358947754
240,4,16.4952144622803,13.4223470687866
240,5,15.7627773284912,13.3920202255249
240,4,16.4952144622803,13.4223470687866
240,5,15.7627773284912,13.3920202255249
240,4,16.5084323883057,13.422703742981
240,5,15.775993347168,13.392391204834
240,4,16.5084323883057,13.422703742981
240,5,15.775993347168,13.392391204834
240,4,16.5176563262939,13.4229345321655
240,5,15.7852172851563,13.3926229476929
240,4,16.5176563262939,13.4229345321655
240,5,15.7852172851563,13.3926229476929
240,4,16.5271663665771,13.4231433868408
240,5,15.7947273254395,13.3928537368774
240,4,16.5271663665771,13.4231433868408
240,5,15.7947273254395,13.3928537368774
240,4,16.5271663665771,13.4231433868408
240,5,15.7947273254395,13.3928537368774
240,4,16.5271663665771,13.4231433868408
240,5,15.7947273254395,13.3928537368774
240,4,16.5399112701416,13.423357963562
240,5,15.8074712753296,13.3930749893188
240,4,16.5399112701416,13.423357963562
240,5,15.8074712753296,13.3930749893188
240,4,16.5399112701416,13.423357963562
240,5,15.8074712753296,13.3930749893188
240,5,15.8236236572266,13.3931465148926
240,5,15.8236236572266,13.3931465148926
240,5,15.8236236572266,13.3931465148926
240,5,15.8376970291138,13.3930215835571
240,5,15.8376970291138,13.3930215835571
259,6,22.5588645935059,15.7397727966309
259,6,22.5588645935059,15.7397727966309
259,6,22.5588645935059,15.7397727966309
259,6,22.5588645935059,15.7397727966309
259,6,22.5680103302002,15.7477226257324
259,6,22.5680103302002,15.7477226257324
259,6,22.581127166748,15.7581233978271
259,6,22.581127166748,15.7581233978271
259,6,22.5893802642822,15.7648553848267
259,6,22.5893802642822,15.7648553848267
259,6,22.597827911377,15.7709550857544
259,6,22.597827911377,15.7709550857544
259,6,22.6055641174316,15.7769584655762
259,6,22.6055641174316,15.7769584655762
259,6,22.6055641174316,15.7769584655762
259,6,22.6141223907471,15.7831974029541
259,6,22.6141223907471,15.7831974029541
259,6,22.6141223907471,15.7831974029541
259,6,22.6243839263916,15.7910461425781
259,6,22.6243839263916,15.7910461425781
259,6,22.6383018493652,15.8012504577637
259,6,22.6383018493652,15.8012504577637
259,6,22.6461887359619,15.8074417114258
259,6,22.6461887359619,15.8074417114258
259,6,22.65407371521,15.8133525848389
259,6,22.65407371521,15.8133525848389
259,5,23.4384059906006,16.2051639556885
259,6,22.661678314209,15.8195171356201
259,5,23.4384059906006,16.2051639556885
259,6,22.661678314209,15.8195171356201
259,5,23.4384059906006,16.2051639556885
259,6,22.661678314209,15.8195171356201
259,5,23.4464855194092,16.2119331359863
259,6,22.6695232391357,15.8255434036255
259,5,23.4464855194092,16.2119331359863
259,6,22.6695232391357,15.8255434036255
259,5,23.4464855194092,16.2119331359863
259,6,22.6695232391357,15.8255434036255
259,5,23.45680809021,16.2211360931396
259,6,22.6795272827148,15.8337640762329
259,5,23.45680809021,16.2211360931396
259,6,22.6795272827148,15.8337640762329
259,5,23.4678173065186,16.2304553985596
259,6,22.6922721862793,15.84352684021
259,5,23.4678173065186,16.2304553985596
259,6,22.6922721862793,15.84352684021
259,5,23.4744319915771,16.2363986968994
259,6,22.6989803314209,15.8490543365479
259,5,23.4744319915771,16.2363986968994
259,6,22.6989803314209,15.8490543365479
259,5,23.4816284179688,16.242504119873
259,6,22.7064037322998,15.8547868728638
259,5,23.4816284179688,16.242504119873
259,6,22.7064037322998,15.8547868728638
259,5,23.4816284179688,16.242504119873
259,6,22.7064037322998,15.8547868728638
259,5,23.4816284179688,16.242504119873
259,6,22.7064037322998,15.8547868728638
259,5,23.4900569915771,16.2503242492676
259,6,22.7138690948486,15.8610305786133
259,5,23.4900569915771,16.2503242492676
259,6,22.7138690948486,15.8610305786133
259,5,23.4900569915771,16.2503242492676
259,6,22.7138690948486,15.8610305786133
259,5,23.5027236938477,16.2614421844482
259,6,22.7279109954834,15.8720607757568
259,5,23.5027236938477,16.2614421844482
259,6,22.7279109954834,15.8720607757568
259,5,23.5027236938477,16.2614421844482
259,6,22.7279109954834,15.8720607757568
259,5,23.51340675354,16.271369934082
259,6,22.738805770874,15.8813619613647
259,5,23.51340675354,16.271369934082
259,6,22.738805770874,15.8813619613647
259,5,23.5243358612061,16.2811679840088
259,6,22.7510681152344,15.8912019729614
259,5,23.5243358612061,16.2811679840088
259,6,22.7510681152344,15.8912019729614
259,5,23.5243358612061,16.2811679840088
259,6,22.7510681152344,15.8912019729614
259,5,23.5243358612061,16.2811679840088
259,6,22.7510681152344,15.8912019729614
259,5,23.5336685180664,16.2901706695557
259,6,22.7594509124756,15.8984975814819
259,5,23.5336685180664,16.2901706695557
259,6,22.7594509124756,15.8984975814819
259,5,23.5336685180664,16.2901706695557
259,6,22.7594509124756,15.8984975814819
259,5,23.5470886230469,16.3025569915771
259,6,22.7746810913086,15.9109172821045
259,5,23.5470886230469,16.3025569915771
259,6,22.7746810913086,15.9109172821045
259,5,23.5470886230469,16.3025569915771
259,6,22.7746810913086,15.9109172821045
259,5,23.5470886230469,16.3025569915771
259,6,22.7746810913086,15.9109172821045
259,5,23.5576972961426,16.313081741333
259,6,22.7846050262451,15.9198265075684
259,5,23.5576972961426,16.313081741333
259,6,22.7846050262451,15.9198265075684
259,5,23.5576972961426,16.313081741333
259,6,22.7846050262451,15.9198265075684
259,5,23.5721492767334,16.3265571594238
259,6,22.8005046844482,15.932900428772
259,5,23.5721492767334,16.3265571594238
259,6,22.8005046844482,15.932900428772
259,5,23.5721492767334,16.3265571594238
259,6,22.8005046844482,15.932900428772
259,5,23.5832080841064,16.337230682373
259,6,22.8129062652588,15.9439325332642
259,5,23.5832080841064,16.337230682373
259,6,22.8129062652588,15.9439325332642
259,5,23.5832080841064,16.337230682373
259,6,22.8129062652588,15.9439325332642
259,6,22.8212337493896,15.9508352279663
259,6,22.8212337493896,15.9508352279663
259,6,22.8346538543701,15.9625301361084
259,6,22.8346538543701,15.9625301361084
259,6,22.8346538543701,15.9625301361084
259,6,22.8346538543701,15.9625301361084
259,6,22.8346538543701,15.9625301361084
259,6,22.8346538543701,15.9625301361084
260,6,22.8425426483154,15.9689416885376
260,6,22.8425426483154,15.9689416885376
260,6,22.8612880706787,15.9857921600342
260,6,22.8612880706787,15.9857921600342
260,6,22.8612880706787,15.9857921600342
